---------------------------------------------------------
-- 
-- To co widzisz to P O T E Z N Y    S Q L
--
-- MySQL dump 10.13  Distrib 5.7.17, for Win64 (x86_64)
--
-- Host: localhost    Database: rsotest
-- ------------------------------------------------------
-- Server version	5.7.18-log

/*!40101 SET @OLD_CHARACTER_SET_CLIENT=@@CHARACTER_SET_CLIENT */;
/*!40101 SET @OLD_CHARACTER_SET_RESULTS=@@CHARACTER_SET_RESULTS */;
/*!40101 SET @OLD_COLLATION_CONNECTION=@@COLLATION_CONNECTION */;
/*!40101 SET NAMES utf8 */;
/*!40103 SET @OLD_TIME_ZONE=@@TIME_ZONE */;
/*!40103 SET TIME_ZONE='+00:00' */;
/*!40014 SET @OLD_UNIQUE_CHECKS=@@UNIQUE_CHECKS, UNIQUE_CHECKS=0 */;
/*!40014 SET @OLD_FOREIGN_KEY_CHECKS=@@FOREIGN_KEY_CHECKS, FOREIGN_KEY_CHECKS=0 */;
/*!40101 SET @OLD_SQL_MODE=@@SQL_MODE, SQL_MODE='NO_AUTO_VALUE_ON_ZERO' */;
/*!40111 SET @OLD_SQL_NOTES=@@SQL_NOTES, SQL_NOTES=0 */;

--
-- Dumping data for table `credit`
--
-- ORDER BY:  `id`

LOCK TABLES `credit` WRITE;
/*!40000 ALTER TABLE `credit` DISABLE KEYS */;
/*!40000 ALTER TABLE `credit` ENABLE KEYS */;
UNLOCK TABLES;

--
-- Dumping data for table `organizational_unit`
--
-- ORDER BY:  `id`

LOCK TABLES `organizational_unit` WRITE;
/*!40000 ALTER TABLE `organizational_unit` DISABLE KEYS */;
INSERT INTO `organizational_unit` VALUES (1,'Wydział Elektroniki i Technik Informacyjnych','WEiTI'),(2,'Wydział Matematyki i Nauk Informacyjnych','MiNI');
/*!40000 ALTER TABLE `organizational_unit` ENABLE KEYS */;
UNLOCK TABLES;

--
-- Dumping data for table `permission`
--
-- ORDER BY:  `name`

LOCK TABLES `permission` WRITE;
/*!40000 ALTER TABLE `permission` DISABLE KEYS */;
INSERT INTO `permission` VALUES ('CreditCreate','User is allowed to create credits'),('CreditDelete','User is allowed to delete credits'),('CreditRead','User is allowed to read credits'),('CreditUpdate','User is allowed to update credits'),('GrantedPermissionCreate','User is allowed to grant permissions'),('GrantedPermissionDelete','User is allowed to delete granted permissions'),('GrantedPermissionRead','User is allowed to read granted permissions'),('OrganizationalUnitCreate','User is allowed to create organizational units'),('OrganizationalUnitDelete','User is allowed to delete organizational units'),('OrganizationalUnitRead','User is allowed to read organizational units'),('PermissionCreate','User is allowed to create new permissions'),('PermissionDelete','User is allowed to delete permissions'),('PermissionRead','User is allowed to read permissions'),('PermissionUpdate','User is allowed to update permissions'),('PersonCreate','User is allowed to register new users'),('PersonDelete','User is allowed to delete users'),('PersonRead','User is allowed to read list of users'),('PersonUpdate','User is allowed to update users'),('SemesterRead','User is allowed to read semesters'),('SpecializationCreate','User is allowed to create specializations'),('SpecializationDelete','User is allowed to delete specializations'),('SpecializationRead','User is allowed to read specializations'),('SpecializationUpdate','User is allowed to update specializations'),('StudentTourCreate','User is allowed to create student tours'),('StudentTourDelete','User is allowed to delete student tours'),('StudentTourRead','User is allowed to read student tours'),('StudentTourSemesterCreate','User is allowed to create student tour semesters'),('StudentTourSemesterDelete','User is allowed to delete student tour semesters'),('StudentTourSemesterRead','User is allowed to read student tour semesters'),('StudentTourSemesterUpdate','User is allowed to update student tour semesters'),('StudentTourUpdate','User is allowed to update student tours'),('SubjectCreate','User is allowed to create subjects'),('SubjectDelete','User is allowed to delete subjects'),('SubjectRead','User is allowed to read subjects'),('SubjectRealizationCreate','User is allowed to create subject realizations'),('SubjectRealizationDelete','User is allowed to delete subject realizations'),('SubjectRealizationRead','User is allowed to read subject realizations'),('SubjectUpdate','User is allowed to update subjects'),('SubjectVersionCreate','User is allowed to create subject versions'),('SubjectVersionDelete','User is allowed to delete subject versions'),('SubjectVersionRead','User is allowed to read subject versions');
/*!40000 ALTER TABLE `permission` ENABLE KEYS */;
UNLOCK TABLES;

--
-- Dumping data for table `person`
--
-- ORDER BY:  `id`

LOCK TABLES `person` WRITE;
/*!40000 ALTER TABLE `person` DISABLE KEYS */;
INSERT INTO `person` VALUES (1,NULL,NULL,'root',NULL,'$2a$10$.DwPvtZHtCJWFXBkMPnu3.gCYHZ4.GPbsdXtHDdDpfkJYBPbTIaCa',NULL,1);
/*!40000 ALTER TABLE `person` ENABLE KEYS */;
UNLOCK TABLES;

--
-- Dumping data for table `granted_permission`
--
-- ORDER BY:  `permission_name`,`person_id`,`unit_id`

LOCK TABLES `granted_permission` WRITE;
/*!40000 ALTER TABLE `granted_permission` DISABLE KEYS */;
INSERT INTO `granted_permission` VALUES ('CreditCreate',1,1),('CreditDelete',1,1),('CreditRead',1,1),('CreditUpdate',1,1),('GrantedPermissionCreate',1,1),('GrantedPermissionDelete',1,1),('GrantedPermissionRead',1,1),('OrganizationalUnitCreate',1,1),('OrganizationalUnitDelete',1,1),('OrganizationalUnitRead',1,1),('PermissionCreate',1,1),('PermissionDelete',1,1),('PermissionRead',1,1),('PermissionUpdate',1,1),('PersonCreate',1,1),('PersonDelete',1,1),('PersonRead',1,1),('PersonUpdate',1,1),('SemesterRead',1,1),('SpecializationCreate',1,1),('SpecializationDelete',1,1),('SpecializationRead',1,1),('SpecializationUpdate',1,1),('StudentTourCreate',1,1),('StudentTourDelete',1,1),('StudentTourRead',1,1),('StudentTourSemesterCreate',1,1),('StudentTourSemesterDelete',1,1),('StudentTourSemesterRead',1,1),('StudentTourSemesterUpdate',1,1),('StudentTourUpdate',1,1),('SubjectCreate',1,1),('SubjectDelete',1,1),('SubjectRead',1,1),('SubjectRealizationCreate',1,1),('SubjectRealizationDelete',1,1),('SubjectRealizationRead',1,1),('SubjectUpdate',1,1),('SubjectVersionCreate',1,1),('SubjectVersionDelete',1,1),('SubjectVersionRead',1,1);
/*!40000 ALTER TABLE `granted_permission` ENABLE KEYS */;
UNLOCK TABLES;


--
-- Dumping data for table `semester`
--
-- ORDER BY:  `id`

LOCK TABLES `semester` WRITE;
/*!40000 ALTER TABLE `semester` DISABLE KEYS */;
INSERT INTO `semester` VALUES (1,'SUMMER',2017);
/*!40000 ALTER TABLE `semester` ENABLE KEYS */;
UNLOCK TABLES;

--
-- Dumping data for table `specialization`
--
-- ORDER BY:  `id`

LOCK TABLES `specialization` WRITE;
/*!40000 ALTER TABLE `specialization` DISABLE KEYS */;
INSERT INTO `specialization` VALUES (1,'Wydział Elektroniki i Technik Informacyjnych','WEiTI','FACULTY',NULL,1),(2,'Informatyka','I','MAJOR',1,1),(3,'Elektronika','E','MAJOR',1,1),(4,'Telekomunikacja','T','MAJOR',1,1),(5,'Inżynieria systemów informatycznych','I.ISI','SPECIALITY',2,1),(6,'Systemy informacyjno-decyzyjne','I.SID','SPECIALITY',2,1),(7,'Elektronika i informatyka w medycynie','E.EIM','SPECIALITY',3,1),(8,'Elektronika i inżynieria komputerowa','E.EIK','SPECIALITY',3,1),(9,'Teleinformatyka i zarządzanie w telekomunikacji','E.TIZ','SPECIALITY',4,1),(10,'Systemy i sieci telekomunikacyjne','E.SST','SPECIALITY',4,1),(11,'Radiokomunikacja i techniki multimedialne','E.RTM','SPECIALITY',4,1);
/*!40000 ALTER TABLE `specialization` ENABLE KEYS */;
UNLOCK TABLES;

--
-- Dumping data for table `student_tour`
--
-- ORDER BY:  `id`

LOCK TABLES `student_tour` WRITE;
/*!40000 ALTER TABLE `student_tour` DISABLE KEYS */;
/*!40000 ALTER TABLE `student_tour` ENABLE KEYS */;
UNLOCK TABLES;

--
-- Dumping data for table `student_tour_semester`
--
-- ORDER BY:  `id`

LOCK TABLES `student_tour_semester` WRITE;
/*!40000 ALTER TABLE `student_tour_semester` DISABLE KEYS */;
/*!40000 ALTER TABLE `student_tour_semester` ENABLE KEYS */;
UNLOCK TABLES;

--
-- Dumping data for table `subject`
--
-- ORDER BY:  `id`

LOCK TABLES `subject` WRITE;
/*!40000 ALTER TABLE `subject` DISABLE KEYS */;
INSERT INTO `subject` VALUES (1,3,2,'Język angielski 3 - poziom B2 (RM)','JA3WR','NO_EXAM',1),(2,0,0,'English Language Examination - Level C1','ELANE','EXAM',1),(3,5,4,'Układy cyfrowe','UCYF','EXAM',1),(4,4,3,'Komputerowe wspomaganie obrazowej diagnostyki medycznej','KWOD','EXAM',1),(5,6,6,'Zaawansowane C++ (UZ)','ZCUZ','EXAM',1),(6,4,4,'Systemy informatyczne zarządzania','SIZ','NO_EXAM',1),(7,4,3,'Czujniki półprzewodnikowe','CPC','EXAM',1),(8,0,0,'The ATHENS European Network','ATHEN','EXAM',1),(9,3,2,'Seminarium naukowe 6','SN6','NO_EXAM',1),(10,3,2,'Seminarium naukowe 7','SN7','NO_EXAM',1),(11,3,2,'Seminarium naukowe 4','SN4','NO_EXAM',1),(12,5,4,'Detekcja sygnałów biomedycznych i jądrowych','DSBJ','EXAM',1),(13,3,2,'Seminarium naukowe 2','SN2','NO_EXAM',1),(14,3,2,'Seminarium naukowe 3','SN3','NO_EXAM',1),(15,3,2,'Seminarium naukowe 1','SN1','NO_EXAM',1),(16,1,1,'Strategie i algorytmy sterowania nieliniowego','PW-Z7','NO_EXAM',1),(17,4,3,'Podstawy radiolokacji i radionawigacji','PRIR','EXAM',1),(18,6,6,'Mikroelektronika  (Z)','MIKZ','EXAM',1),(19,4,3,'Systemy informatyczne w medycynie','SIM','EXAM',1),(20,4,3,'Fizyka 2 (IBM)','FI2','EXAM',1),(21,6,4,'Fizyka 1 (IBM)','FI1','EXAM',1),(22,5,4,'Technika automatyzacji procesów','TAP','NO_EXAM',1),(23,3,2,'Biznes - prawo handlowe  (WI)','BIZP','NO_EXAM',1),(24,0,0,'Bachelor Diploma Edition','EBDE','NO_EXAM',1),(25,6,4,'Analiza i równania różniczkowe 1','ANA1','EXAM',1),(26,6,4,'Electronics','EELE1','NO_EXAM',1),(27,3,3,'Techniki internetu (E)','TINE','NO_EXAM',1),(28,4,3,'Spintronika i elektronika molekularna','SPN','NO_EXAM',1),(29,3,2,'Techniki  internetowe','TINM','NO_EXAM',1),(30,0,0,'Socrates-Erasmus - Student Mobility','ERASM','EXAM',1),(31,5,4,'Projektowanie sieci telekomunikacyjnych','PSTKM','EXAM',1),(32,3,2,'Chemia - metody kwantowe','PW-Z9','EXAM',1),(33,3,2,'Wprowadzenie do programowania w MATLAB\'ie','MATLA','NO_EXAM',1),(34,2,2,'Język uzupełniający japoñski 2 - poziom A2','JJU-2','NO_EXAM',1),(35,6,4,'Intelligent Information  Systems','EINIS','EXAM',1),(36,4,3,'Wzmacniacze i lasery  światłowodowe','WLS','NO_EXAM',1),(37,5,4,'Grafy i sieci','GIS','EXAM',1),(38,2,2,'Język uzupełniający chiñski 2 - poziom A2','JCU-2','NO_EXAM',1),(39,4,3,'Zintegrowane optoelektroniczne układy logiczne','ZOUL','EXAM',1),(40,2,2,'Cyfrowe przetwarzanie sygnałów','CYPS','EXAM',1),(41,4,16,'System operacyjny Windows (D)','WIN-2','EXAM',1),(42,2,2,'Język poegzaminacyjny niemiecki 2 - poziom C1','JNP-2','NO_EXAM',1),(43,2,2,'Język poegzaminacyjny niemiecki 3 - poziom C1','JNP-3','NO_EXAM',1),(44,4,3,'Projektowanie obwodów drukowanych - program PADS','PADS','NO_EXAM',1),(45,2,2,'Język poegzaminacyjny niemiecki techniczny - poziom B2','JNP-1','NO_EXAM',1),(46,4,3,'Cyfrowe  przetwarzanie sygnałów','CPSWM','NO_EXAM',1),(47,2,2,'Język poegzaminacyjny francuski 2 - poziom C1','JFP-2','NO_EXAM',1),(48,2,2,'Język poegzaminacyjny francuski techniczny - poziom B2','JFP-1','NO_EXAM',1),(49,4,3,'Systemy i sieci radiowe','SISR','EXAM',1),(50,6,6,'Matematyka 2  (Z)','MA2Z','EXAM',1),(51,5,4,'Sieci następnej generacji','SNG','EXAM',1),(52,5,4,'Sieci lokalne','LAN','EXAM',1),(53,6,6,'Zjazd 3 - Podstawy elektrotechniki, elektroniki i miernictwa','ZJ3Z','NO_EXAM',1),(54,4,3,'Sieci neuronowe w zastosowaniach biomedycznych','SNB','EXAM',1),(55,5,20,'Wybrane zagadnienia matematyki (K)','MAT','EXAM',1),(56,4,3,'Sieci neuronowe i neurokomputery','SNN','NO_EXAM',1),(57,5,4,'Sieci komputerowe 2','SKM2','NO_EXAM',1),(58,3,2,'Język angielski 1 - poziom A2 (RM)','JA1WR','NO_EXAM',1),(59,5,4,'Systemy teletransmisyjne','STTR','NO_EXAM',1),(60,6,6,'Układy elektroniczne i technika pomiarowa','UETZ','EXAM',1),(61,4,3,'Procesory sygnałowe w technice audio','PSTA','NO_EXAM',1),(62,4,4,'Język angielski 2 - poziom B1','JA2Z','EXAM',1),(63,5,4,'Sieci neuronowe','SNR','EXAM',1),(64,3,2,'English 2 - Level C1','ELAN2','NO_EXAM',1),(65,3,2,'English  1  - Level C1','ELAN1','NO_EXAM',1),(66,4,3,'Systemy rozproszone','SR','NO_EXAM',1),(67,3,2,'Przetwarzanie sygnałów biomedycznych','PSYBI','NO_EXAM',1),(68,6,4,'Digital Communications','EDICO','EXAM',1),(69,18,12,'Przygotowanie pracy dyplomowej magisterskiej (UI)','PDMI','NO_EXAM',1),(70,4,3,'Lasery','LAS','EXAM',1),(71,4,3,'Sterowniki programowalne','SP','NO_EXAM',1),(72,2,2,'Język polski uzupełniający - poziom B1','JPU-1','NO_EXAM',1),(73,5,4,'Teoria sygnałów i informacji','TSI','EXAM',1),(74,5,4,'Telekomunikacja optyczna','TOPT','NO_EXAM',1),(75,5,4,'Zaawansowane technologie mikro- i optoelektroniczne','ZTMO','NO_EXAM',1),(76,4,16,'Edycja witryn internetowych (D)','EWI','EXAM',1),(77,3,2,'Statystyka matematyczna (PW)','M7','NO_EXAM',1),(78,6,4,'Digital Circuits','EDC1','EXAM',1),(79,6,5,'Elektroniczna aparatura medyczna (IBM)','EAMEB','EXAM',1),(80,4,3,'D¼więkowa technika studyjna','DTS','NO_EXAM',1),(81,4,4,'Bezprzewodowe systemy i sieci ad-hoc','BES','NO_EXAM',1),(82,5,4,'Obiekty internetu rzeczy','OBIR','EXAM',1),(83,3,2,'Programy publikacyjne (DTP)','DTP','NO_EXAM',1),(84,3,2,'Algorytmy, złożoność obliczeniowa, granice obliczalności','M8','NO_EXAM',1),(85,4,3,'Techniki spektroskopowe','TSP','NO_EXAM',1),(86,2,2,'Laboratorium podstaw transmisji cyfrowej','LPTC','NO_EXAM',1),(87,1,1,'Ogniwa słoneczne','PW-S4','NO_EXAM',1),(88,3,2,'Wybrane techniki obrazowania medycznego','PW-S5','NO_EXAM',1),(89,6,6,'Programowanie  obiektowe','POBZ','EXAM',1),(90,2,2,'Język poegzaminacyjny rosyjski 2 - poziom C1','JRP-2','NO_EXAM',1),(91,4,3,'Cyfrowe systemy komórkowe','CSK','NO_EXAM',1),(92,1,1,'Zastosowanie procesów stochastycznych (PW)','PW-S2','NO_EXAM',1),(93,2,2,'Język poegzaminacyjny rosyjski techniczny - poziom B2','JRP-1','NO_EXAM',1),(94,2,1,'Inżynieria genetyczna','INGE','EXAM',1),(95,4,3,'Telewizja kablowa','TKAB','NO_EXAM',1),(96,5,4,'Przetwarzanie cyfrowe obrazów','POBR','EXAM',1),(97,1,1,'Zaawans. techniki badawcze do charakterystyki mikrostruktury','PW-S8','NO_EXAM',1),(98,1,1,'Techniki komunikowania się w działalności naukowców','PW-S9','NO_EXAM',1),(99,5,4,'Podstawy czujników pomiarowych','PCZP','EXAM',1),(100,4,3,'Podstawy technologii układów i systemów','PTUIS','NO_EXAM',1),(101,6,6,'Podstawy teoretyczne informatyki (UZ)','PTIUZ','EXAM',1),(102,3,2,'Termodynamika - wybrane zagadnienia (PW)','Z8','NO_EXAM',1),(103,3,2,'Seminarium naukowe 8','SN8','NO_EXAM',1),(104,4,3,'Podstawy badañ operacyjnych','POBO','NO_EXAM',1),(105,5,3,'Podstawy techniki  wielkiej częstotliwości','PTWM','EXAM',1),(106,3,2,'Geometria i metody geometryczne (PW)','Z7','NO_EXAM',1),(107,6,4,'Techniques and Algorithms for Signal Processing','ETASP','NO_EXAM',1),(108,2,2,'Sztuka myślenia i uczenia się','SZMU','NO_EXAM',1),(109,3,2,'Podstawy fotoniki (PW)','Z2','NO_EXAM',1),(110,6,6,'Bezpieczeñstwo systemów  komputerowych','BSKZ','EXAM',1),(111,6,4,'Pattern  Recognition','EPART','NO_EXAM',1),(112,6,4,'Physics 2','EPHY2','EXAM',1),(113,6,4,'Physics  1','EPHY1','NO_EXAM',1),(114,2,2,'Czy geny są odpowiedzialne za wszystko?','PWZ20','NO_EXAM',1),(115,3,2,'Multimedialne systemy  komputerowe','MSKM','NO_EXAM',1),(116,5,4,'Sieci wielousługowe','SWUS','EXAM',1),(117,4,3,'Studia literaturowe','SL','NO_EXAM',1),(118,6,4,'Analiza 2 (IBM)','ANAL2','EXAM',1),(119,6,4,'Analisys and Design of Communications Protocols','EADCP','EXAM',1),(120,4,3,'Elektronika 1 (IBM)','ELE1','EXAM',1),(121,4,3,'Elektronika 2 (IBM)','ELE2','NO_EXAM',1),(122,6,4,'Wireless Networking','EWNET','EXAM',1),(123,4,3,'Diagnostyka oraz niezawodność systemów komputerowych','DSK','NO_EXAM',1),(124,3,2,'Klasyczne problemy filozofii, a rozwój nauk i techniki','KPF','NO_EXAM',1),(125,1,1,'Psychologia osobowości i wspierania rozwoju osobowości','PW-SL','NO_EXAM',1),(126,5,5,'Algorytmy  i struktury danych','AISDZ','EXAM',1),(127,5,4,'Bezpieczeñstwo oprogramowania i testy penetracyjne','BOT','EXAM',1),(128,4,3,'Architektury multimedialnych systemów cyfrowych','ARMU','EXAM',1),(129,3,2,'Grafika komputerowa (IBM)','GRK','NO_EXAM',1),(130,5,4,'Implementacja algorytmów w strukturach FPGA','IMAS','EXAM',1),(131,5,4,'Metrologia','ME','NO_EXAM',1),(132,5,4,'Algebra i teoria mnogości','ALGTM','EXAM',1),(133,4,2,'Programowanie (RM)','PMRM','NO_EXAM',1),(134,4,3,'Optoelektroniczne systemy pomiarowe','OSPO','EXAM',1),(135,4,3,'Metody identyfikacji','MI','NO_EXAM',1),(136,6,4,'Numerical  Methods','ENUME','NO_EXAM',1),(137,5,4,'Monitorowanie i pomiary w sieciach IP','MOPS','EXAM',1),(138,5,4,'Indeksowanie multimediów','INM','EXAM',1),(139,6,4,'Introduction to Discrete Mathematics','EIDMA','EXAM',1),(140,4,3,'Radiowe systemy lokalizacji i identyfikacji','RADS','EXAM',1),(141,5,4,'Narzędzia rypu RAD (UI)','NRAD','EXAM',1),(142,4,3,'Miernictwo radioelektroniczne','MR','NO_EXAM',1),(143,5,4,'Nowe trendy w sieciach komunikacji ruchomej','NOT','NO_EXAM',1),(144,4,4,'Język włoski 2 - poziom B1','JW-2','NO_EXAM',1),(145,3,2,'Orientation','EORI','NO_EXAM',1),(146,4,16,'Podstawy telekomunikacji (D)','PTK-2','EXAM',1),(147,6,4,'Seminarium doktoranckie - Ekonomia','EKO','NO_EXAM',1),(148,3,2,'Energy Efficient Many-Core Processor Architectures','EPAR','EXAM',1),(149,5,4,'Podstawy techniki mikroprocesorowej','TMIK','NO_EXAM',1),(150,15,9,'Przygotowanie pracy dyplomowej  inżynierskiej','PDI2','NO_EXAM',1),(151,3,3,'Pracownia dyplomowa inżynierska','PDI1','NO_EXAM',1),(152,6,4,'Telecommunication Systems and Networks','ETSYS','NO_EXAM',1),(153,5,4,'Systemy mikroprocesorowe w sterowaniu','SMS','NO_EXAM',1),(154,6,4,'Evolutionary Algorithms','EEVAL','NO_EXAM',1),(155,4,3,'Projektowanie programowalnych układów scalonych','PRUS','EXAM',1),(156,6,6,'Techniki  internetu','TINZ','EXAM',1),(157,0,1,'Orientacja - I','ORII','NO_EXAM',1),(158,6,6,'Inteligentne  techniki obliczeniowe','INTOZ','EXAM',1),(159,5,3,'Architektura komputerów (WI)','AKO','NO_EXAM',1),(160,4,3,'Systemy wizji 3D','SWIZ','EXAM',1),(161,0,0,'Język rosyjski - egzamin: poziom B2','JR-E','EXAM',1),(162,7,5,'Algebra liniowa i analiza 1 (IBM)','AL1','EXAM',1),(163,5,4,'Oprogramowanie użytkowe komputerów (WI)','OUK','NO_EXAM',1),(164,4,3,'Metody obliczeniowe w mikroelektronice i fotonice','MOBI','NO_EXAM',1),(165,5,4,'Projektowanie scalonych systemów cyfrowych','PSSC','EXAM',1),(166,5,4,'Projektowanie bloków analogowych dla systemów VLSI','PSSA','EXAM',1),(167,5,4,'Zaawansowane metody kryptografii i ochrony informacji','MKOI','EXAM',1),(168,4,2,'Seminarium dyplomowe  (WI)','SEMIN','NO_EXAM',1),(169,6,6,'Projekt zespołowy','PZEZ','NO_EXAM',1),(170,5,4,'Technika odbioru radiowego','TOR','NO_EXAM',1),(171,3,2,'Podstawy automatyki (IBM)','POAUT','EXAM',1),(172,5,3,'Bezpieczeñstwo sieci komputerowych (UI)','BSK','EXAM',1),(173,5,4,'Bezprzewodowe sieci dostępowe','BSD','EXAM',1),(174,4,4,'Techniki analizy sieci społecznych','TASS','NO_EXAM',1),(175,5,4,'Projektowanie systemów scalonych w technice VLSI','PSSV','EXAM',1),(176,6,4,'Transition Math and Algebra with Geometry','ETMAG','EXAM',1),(177,0,0,'Big Data (MEA University Program)','BIGD','EXAM',1),(178,3,2,'Laboratorium układów i systemów elektronicznych','LUSE','NO_EXAM',1),(179,10,6,'Pracownia dyplomowa  2','PD2M','NO_EXAM',1),(180,7,4,'Cyfrowe przetwarzanie obrazów (UI)','CPOM','EXAM',1),(181,2,2,'Język uzupełniający szwedzki 2 - poziom A2','JSU-2','NO_EXAM',1),(182,5,4,'Cyfrowe przetwarzanie obrazów','CPOO','EXAM',1),(183,4,3,'Zaawansowane problemy baz danych','ZPBD','EXAM',1),(184,20,16,'Pracownia naukowa 5','PN5','NO_EXAM',1),(185,4,3,'Cyfrowe przetwarzanie obrazów (IBM)','CPOB','NO_EXAM',1),(186,3,2,'Introduction to Sociology','EISOC','NO_EXAM',1),(187,4,3,'Fizyczne podstawy przetwarzania informacji','FPPI','NO_EXAM',1),(188,4,3,'Metody ewolucyjne i uczenie się maszyn','MEUM','EXAM',1),(189,3,2,'Aparatura ultrasonograficzna','AUS','EXAM',1),(190,3,2,'Senior Design Project 1','ESDP1','NO_EXAM',1),(191,20,16,'Pracownia naukowa 7','PN7','NO_EXAM',1),(192,12,8,'Senior Design Project 2','ESDP2','NO_EXAM',1),(193,3,2,'Materiałoznawstwo','MATR','NO_EXAM',1),(194,6,6,'Zjazd 4 - Zaawansowane laboratorium kierunkowe','ZJ4Z','NO_EXAM',1),(195,5,4,'Logika i teoria mnogości','LTM','NO_EXAM',1),(196,4,4,'Język  angielski 4 - poziom C1','JA4Z','EXAM',1),(197,5,4,'Podstawy elektroniki','POEL','EXAM',1),(198,5,4,'Projektowanie układów mikrofalowych','PUM','EXAM',1),(199,6,4,'Microprocessor Systems','EMISY','NO_EXAM',1),(200,4,3,'Systemy wiedzy','SYWI','NO_EXAM',1),(201,5,4,'Mikrokontrolery ARM','MARM','NO_EXAM',1),(202,3,2,'Implanty i sztuczne narządy','IMPLA','NO_EXAM',1),(203,5,4,'Narzędzia typu RAD','NTR','NO_EXAM',1),(204,4,4,'Język rosyjski 3 - poziom B2','JR-3','NO_EXAM',1),(205,4,4,'Język rosyjski 2 - poziom B1','JR-2','NO_EXAM',1),(206,4,4,'Język rosyjski 1 - poziom A2','JR-1','NO_EXAM',1),(207,5,4,'Probabilistyka','PROBA','EXAM',1),(208,2,2,'Język uzupełniający niemiecki 3  - poziom B1','JNU-3','NO_EXAM',1),(209,2,2,'Język uzupełniający niemiecki 2  - poziom A2','JNU-2','NO_EXAM',1),(210,2,2,'Język uzupełniający niemiecki 1  - poziom A1','JNU-1','NO_EXAM',1),(211,0,1,'Orientacja - M','ORM','NO_EXAM',1),(212,5,4,'Programowanie mikrokontrolerów w języku C','PMIK','NO_EXAM',1),(213,4,16,'Programowanie - projekt (C++ albo Delphi) (K)','PRO-1','EXAM',1),(214,6,4,'Software  Engineering','ESOEN','NO_EXAM',1),(215,5,4,' Artificial Intelligence   (GB)','SG005','EXAM',1),(216,6,4,'Electrical and Computer Engineering Laboratory','EECEL','NO_EXAM',1),(217,4,16,'Administrowanie lokalną siecią komputerową (D)','ALS','EXAM',1),(218,4,3,'Metody Monte Carlo','MMC','EXAM',1),(219,4,3,'Sztuczne sieci neuronowe w medycynie','SESN','EXAM',1),(220,6,6,'Telekomunikacja  optofalowa','TOZ','EXAM',1),(221,20,16,'Pracownia naukowa 8','PN8','NO_EXAM',1),(222,6,4,'New Generation of Optical Networks','ENGON','NO_EXAM',1),(223,5,4,'Komunikacja mikrofalowa','KOM','EXAM',1),(224,20,16,'Pracownia naukowa 1','PN1','NO_EXAM',1),(225,8,6,'Pracownia problemowa magisterska 2','PPM-2','NO_EXAM',1),(226,20,16,'Pracownia naukowa 3','PN3','NO_EXAM',1),(227,20,16,'Pracownia naukowa 2','PN2','NO_EXAM',1),(228,2,2,'Język uzupełniający rosyjski 3 - poziom B1','JRU-3','NO_EXAM',1),(229,4,2,'Mobile Robots (EMARO)','EMOR','EXAM',1),(230,2,2,'Język uzupełniający rosyjski 1 - poziom A1','JRU-1','NO_EXAM',1),(231,20,16,'Pracownia naukowa 6','PN6','NO_EXAM',1),(232,6,6,'Podstawy elektrotechniki i elektroniki','PEEZ','EXAM',1),(233,5,4,'Teoria obwodów','TOB','EXAM',1),(234,5,4,'Architektura usługowa IMS','AUIMS','NO_EXAM',1),(235,2,2,'Język uzupełniający włoski 3 - poziom B1','JWU-3','NO_EXAM',1),(236,4,3,'Bazy danych','BDA','EXAM',1),(237,2,2,'Język uzupełniający francuski 2  - poziom B1','JFU-2','NO_EXAM',1),(238,2,2,'Język uzupełniający francuski 3  - poziom B2','JFU-3','NO_EXAM',1),(239,1,1,'Ekonomika i rachunkowość','ERM','NO_EXAM',1),(240,2,2,'Język uzupełniający francuski 1 - poziom A2','JFU-1','NO_EXAM',1),(241,3,2,'Intuicja, nauka i filozofia','INFIL','NO_EXAM',1),(242,4,3,'Komunikacja światłowodowa','KOS','EXAM',1),(243,5,4,'Przetwarzanie sygnałów telekomunikacyjnych','PSTEL','EXAM',1),(244,4,4,'Język niemiecki 3 - poziom B2','JN-3','NO_EXAM',1),(245,4,4,'Język niemiecki 2 - poziom B1','JN-2','NO_EXAM',1),(246,4,4,'Język niemiecki 1 - poziom A2','JN-1','NO_EXAM',1),(247,8,32,'Multimedia (D)','MLM-2','EXAM',1),(248,5,4,'Sztuczna inteligencja w automatyce','SZAU','NO_EXAM',1),(249,5,4,'Programowanie gier komputerowych','PGK','NO_EXAM',1),(250,5,4,'Podstawy techniki światłowodowej','PTSW','EXAM',1),(251,5,4,'Logika dla informatyków','LI','EXAM',1),(252,15,15,'Przygotowanie pracy dyplomowej inżynierskiej (Z)','PPDZ','NO_EXAM',1),(253,4,3,'Podstawy telekomunikacji (WI)','POTEL','EXAM',1),(254,4,3,'£ączność  satelitarna','LS','EXAM',1),(255,2,2,'Laboratorium cyfrowego przetwarzania sygnałów','LCPS','NO_EXAM',1),(256,6,4,'Object-Oriented Programming','EOOP','NO_EXAM',1),(257,2,2,'Język uzupełniający francuski 4  - poziom C1','JFU-4','NO_EXAM',1),(258,5,4,'Elementy zarządzania przedsiębiorstwem telekomunikacyjnym','ZPT','EXAM',1),(259,4,0,'Praktyka zawodowa','PRAKT','NO_EXAM',1),(260,5,4,'Systemy optotelekomunikacyjne','SOPT','NO_EXAM',1),(261,1,1,'Modelowanie matematyczne z wykorzystaniem obliczeñ symbol.','PWSL7','EXAM',1),(262,4,3,'Podstawy sztucznej inteligencji','PSZT','NO_EXAM',1),(263,4,16,'Architektura i budowa komputera PC (D)','ABK','EXAM',1),(264,3,2,'Akceleratory biomedyczne','ABM','EXAM',1),(265,5,4,'Abstrakcje program. dla aplikacji inteligencji otoczenia','ABP','NO_EXAM',1),(266,4,3,'Kodowanie i transmisja multimediów','KTM','NO_EXAM',1),(267,3,2,'Podstawy prawa','PPRA','NO_EXAM',1),(268,3,2,'Wprowadzenie do teorii ruchu obrotowego Ziemi','L2','EXAM',1),(269,3,2,'Elementy mechaniki analitycznej','L3','EXAM',1),(270,0,0,'Język niemiecki - egzamin: poziom B2','JN-E','EXAM',1),(271,3,2,'Teoria automatów i języków formalnych: studium praktyczne','L1','NO_EXAM',1),(272,4,3,'Systemy operacyjne (E)','SOE','NO_EXAM',1),(273,4,4,'Język angielski 1 - poziom A2','JA1Z','EXAM',1),(274,5,3,'Komputerowe sterowanie i przetwarzanie danych','KSTM','EXAM',1),(275,5,4,'Programowanie obiektowe (E)','PROE','NO_EXAM',1),(276,5,3,'Przyrządy  półprzewodnikowe','PPRM','NO_EXAM',1),(277,6,4,'Data  Bases','EDABA','EXAM',1),(278,2,2,'Protokół dyplomatyczny','PROD','NO_EXAM',1),(279,7,4,'Analiza i projektowanie systemów informacyjnych (UI)','AIPSI','EXAM',1),(280,4,3,'Modele i systemy przetwarzania obrazów','MSPO','EXAM',1),(281,5,4,'Ochrona informacji w sieciach','OINS','EXAM',1),(282,4,3,'Stabilizacja i synteza częstotliwości','SSC','NO_EXAM',1),(283,5,4,'Metody i systemy pomiarowe wielkiej częstotliwości','MSPW','EXAM',1),(284,5,3,'Fizyka (WI)','FIZY','EXAM',1),(285,3,2,'Kosmonautyka','PWZ11','EXAM',1),(286,3,2,'Geometria różniczkowa jako narzędzie nauk przyrodniczych','PWZ10','EXAM',1),(287,4,3,'Inżynieria mikrosystemów','MIK','NO_EXAM',1),(288,2,2,'Filozofia polityki','FILP','NO_EXAM',1),(289,3,2,'Podstawy mechaniki kwantowej','PWZ14','NO_EXAM',1),(290,3,2,'Planowanie eksperymentu i statystyczna analiza wyników','PWZ17','NO_EXAM',1),(291,3,2,'Nanojonika i przewodniki superjonowe','PWZ16','NO_EXAM',1),(292,3,2,'Struktura czasu i przestrzeni: wstęp do teorii względności','PWZ18','NO_EXAM',1),(293,4,16,'System operacyjny Linux (D)','LIN','EXAM',1),(294,3,2,'Język angielski 2 (UI)','JAM2','NO_EXAM',1),(295,0,0,'Elektrotechnika z elektroniką','C.EE','NO_EXAM',1),(296,2,2,'Napędy elektromechaniczne urządzeñ mechatronicznych','NEM','EXAM',1),(297,0,0,'Język polski - egzamin: poziom B2','JP-E','EXAM',1),(298,3,2,'Systemy teletransmisyjne (RM)','SYTM','NO_EXAM',1),(299,4,3,'Elektrotechnika','ELKT','EXAM',1),(300,28,24,'Przygotowanie rozprawy doktorskiej','DOKT','NO_EXAM',1),(301,3,2,'Ethical Aspects of Research and Engineering','WUT3','EXAM',1),(302,4,3,'Systemy telewizyjne','SYTE','NO_EXAM',1),(303,4,3,'Unix - architektura, programowanie i administrowanie','UXP1A','NO_EXAM',1),(304,0,0,'Redakcja i edycja pracy dyplomowej magisterskiej','EDYM','NO_EXAM',1),(305,3,2,'Radiologia','RAD','NO_EXAM',1),(306,6,4,'Languages, Automata and Computation','ELAC','EXAM',1),(307,4,3,'Systemy radiofonii analogowej i cyfrowej','RAC','NO_EXAM',1),(308,8,32,'Programowanie w języku C++ (D)','PRC','EXAM',1),(309,4,3,'Sensory i pomiary wielkości nieelektrycznych','SEPO','EXAM',1),(310,6,4,'Introduction to Artificial Intelligence','EARIN','EXAM',1),(311,3,2,'Język angielski 4 (WI)','JA4','NO_EXAM',1),(312,3,2,'Język angielski 5 (WI)','JA5','NO_EXAM',1),(313,3,2,'Język angielski 2 (WI)','JA2','NO_EXAM',1),(314,3,2,'Język angielski 3 (WI)','JA3','NO_EXAM',1),(315,0,0,'Język francuski - egzamin: poziom B2','JF-E','EXAM',1),(316,3,2,'Język angielski 1 (WI)','JA1','NO_EXAM',1),(317,0,0,'Ekonomiczno-społeczne - obowiązkowe (Z)','PESAZ','EXAM',1),(318,6,4,'Seminarium doktoranckie - Filozofia','FIL','NO_EXAM',1),(319,4,3,'Integralność sygnałowa','ISYN','NO_EXAM',1),(320,4,3,'Radiologia z nukleoniką','RN','EXAM',1),(321,4,3,'Systemy adaptacyjne i uczące się','SAU','EXAM',1),(322,0,0,'Knowledge Management in Architecture','A.KMA','NO_EXAM',1),(323,4,3,'Charakteryzacja materiałów dla mikroelektroniki','CHA','NO_EXAM',1),(324,5,4,'Teoria pola elektromagnetycznego','TPE','EXAM',1),(325,5,4,'Teoria i projektowanie anten','TPA','EXAM',1),(326,6,4,'Internet of Things','EIOT','NO_EXAM',1),(327,5,4,'Technika produkcji oprogramowania (WI)','TPO','NO_EXAM',1),(328,5,3,'Computer Vision (EMARO)','ECOVI','NO_EXAM',1),(329,3,2,'Master Diploma Seminar','EMDS','NO_EXAM',1),(330,2,2,'Pracownia problemowa magisterska','PPMGR','NO_EXAM',1),(331,4,4,'Język francuski 3 - poziom B2','JF-3','NO_EXAM',1),(332,4,4,'Język francuski 2 - poziom B1','JF-2','NO_EXAM',1),(333,4,4,'Język francuski 1 - poziom A2','JF-1','NO_EXAM',1),(334,4,3,'Optoelektroniczne techniki zobrazowania informacji','OTZI','EXAM',1),(335,3,2,'Zaawansowane podstawy fizyczne optoelektroniki','ZPFO','EXAM',1),(336,2,2,'Język polski 1 - poziom A2','JP-1','NO_EXAM',1),(337,4,3,'Rozpoznawanie obrazów i sygnałów mowy','ROSM','EXAM',1),(338,4,4,'Język polski 3 - poziom B2','JP-3','NO_EXAM',1),(339,4,4,'Język polski 2 - poziom B1','JP-2','NO_EXAM',1),(340,4,3,'Algorytmy rozproszone','AR','EXAM',1),(341,5,5,'Informatyczne systemy zarządzania (UZ)','ISZUZ','EXAM',1),(342,5,3,'Zaawansowane programowanie (UI)','ZAAP','NO_EXAM',1),(343,5,3,'Wiarygodność systemów komputerowych (UI)','WISK','EXAM',1),(344,6,4,'Satellite Communication  Systems','ESCS','NO_EXAM',1),(345,5,3,'Optymalizacja i wspomaganie decyzji (UI)','OIWD','NO_EXAM',1),(346,4,3,'Aparatura automatyki i robotyki','APA','NO_EXAM',1),(347,5,4,'Techniki przetwarzania sygnałów w telekomunikacji','PSYT','NO_EXAM',1),(348,3,2,'Wstęp do fizyki','WFI','EXAM',1),(349,5,4,'Podstawy pomiarów','PPOM','NO_EXAM',1),(350,5,5,'Pracownia dyplomowa magisterska (UZ)','PRDUZ','NO_EXAM',1),(351,5,4,'Internetowe systemy pomiarowe','ISYP','EXAM',1),(352,6,6,'Przetwarzanie  sygnałów','PSYZ','EXAM',1),(353,5,5,'Metodyka projektowania systemów informacyjnych','PSYUZ','EXAM',1),(354,6,4,'Switching and Routing','ESWIT','NO_EXAM',1),(355,3,2,'Polska w UE; możliwości korzystania z funduszy unijnych','FUE','NO_EXAM',1),(356,5,4,'Przetwarzanie sygnałów - B','PSYB','EXAM',1),(357,3,2,'Doskonała praca zespołowa','DPZ','NO_EXAM',1),(358,3,2,'Język angielski 2 - poziom B1(RM)','JA2WR','NO_EXAM',1),(359,4,3,'Kompresja danych','KODA','EXAM',1),(360,2,2,'Architektura sieci telekomunikacyjnych','ARSTE','NO_EXAM',1),(361,0,0,'Wychowanie fizyczne','WFU','NO_EXAM',1),(362,4,3,'Radioterapia','RTE','NO_EXAM',1),(363,4,3,'Architektury sprzętu w multimediach i radiokomunikacji','ASMR','EXAM',1),(364,0,0,'Język włoski - egzamin: poziom B2','JW-E','EXAM',1),(365,4,4,'Język angielski 1 - poziom B1','JA-1','NO_EXAM',1),(366,4,4,'Język angielski 2 - poziom B2','JA-2','NO_EXAM',1),(367,4,4,'Język angielski 3 - poziom B2','JA-3','NO_EXAM',1),(368,2,2,'Język poegzaminacyjny angielski 3 - poziom C1','JAP-3','NO_EXAM',1),(369,6,4,'Circuits and Signals','ECIRS','NO_EXAM',1),(370,2,2,'Język poegzaminacyjny angielski techniczny - poziom B2','JAP-1','NO_EXAM',1),(371,2,2,'Język poegzaminacyjny angielski 6 - poziom C2','JAP-6','NO_EXAM',1),(372,2,2,'Język poegzaminacyjny angielski 5 - poziom C2','JAP-5','NO_EXAM',1),(373,2,2,'Język poegzaminacyjny angielski 4 - poziom C1','JAP-4','NO_EXAM',1),(374,4,3,'Sygnały radiolokacyjne i metody ich przetwarzania','SRMP','NO_EXAM',1),(375,5,4,'Podstawy komutacji cyfrowej','PKC','EXAM',1),(376,4,3,'Systemy WDM - architektura, projektowanie i utrzymanie','SWDM','EXAM',1),(377,2,2,'Język uzupełniający japoñski 3 - poziom B1','JJU-3','NO_EXAM',1),(378,2,2,'Język uzupełniający chiñski 1 - poziom  A1','JCU-1','NO_EXAM',1),(379,2,2,'Język uzupełniający japoñski 1 - poziom A1','JJU-1','NO_EXAM',1),(380,2,2,'Język uzupełniający chiñski 3 - poziom A2','JCU-3','NO_EXAM',1),(381,3,2,'Technika ultrad¼więkowa w diagnostyce medycznej','TUDM','NO_EXAM',1),(382,4,3,'Techniki montażu dla mikrosystemów','TEMM','NO_EXAM',1),(383,3,3,'Matematyka dyskretna (I)','MAD','EXAM',1),(384,4,16,'Administrowanie szkolną siecią komputerową (K)','ASS','EXAM',1),(385,0,0,'Edycja pracy dyplomowej  inżynierskiej','EPDM','NO_EXAM',1),(386,6,4,'Signals, Systems and Modulations','ESISM','EXAM',1),(387,3,2,'Język angielski 1 (UI)','JAM1','NO_EXAM',1),(388,0,0,'Redakcja i edycja pracy dyplomowej inżynierskiej','EPDI','NO_EXAM',1),(389,3,2,'Język angielski 3 (UI)','JAM3','NO_EXAM',1),(390,4,4,'Grafika komputerowa','GKOM','NO_EXAM',1),(391,6,4,'Data Mining','EDAMI','NO_EXAM',1),(392,3,2,'Anatomia i fizjologia','AFB','NO_EXAM',1),(393,0,0,'Język angielski - egzamin: poziom B2','JA-E','EXAM',1),(394,5,4,'Systemy monitoringu wizyjnego','SYMW','NO_EXAM',1),(395,4,4,'Język włoski 3 - poziom B2','JW-3','NO_EXAM',1),(396,6,4,'Sieci komputerowe (WI)','SIEKO','EXAM',1),(397,6,4,'Systemy operacyjne (WI)','SYSOP','EXAM',1),(398,3,2,'Procesory sygnałowe (RM)','SKMM','NO_EXAM',1),(399,3,2,'Biofizyka (IBM)','BIOF','NO_EXAM',1),(400,3,2,'Psychologiczny koktajl na lepsze \"trawienie\" życia','SZ6','NO_EXAM',1),(401,4,2,'Projekt 3 (WI)','PROJ3','NO_EXAM',1),(402,5,4,'Podstawy technik obrazowania w medycynie','PTOM','EXAM',1),(403,4,3,'Modele i wnioskowanie statystyczne','MWS','EXAM',1),(404,4,3,'Technika impulsowa','TIMP','EXAM',1),(405,6,4,'Sygnały i modulacje (RM)','SMRM','EXAM',1),(406,4,4,'Programowanie zdarzeniowe (I)','PROZ','NO_EXAM',1),(407,5,4,'Analiza i indeksowanie multimediów','AIM','EXAM',1),(408,4,3,'Sieci i sterowanie systemami','SST','EXAM',1),(409,6,6,'Matematyka dyskretna (UZ)','MDUZ','EXAM',1),(410,3,3,'Podstawy  zarządzania','POZZ','EXAM',1),(411,3,2,'Einfuhrung in die Volkswirtschaftlehre (D)','DI042','EXAM',1),(412,5,4,'Matematyka w multimediach','MATMU','EXAM',1),(413,6,6,'Urządzenia i systemy techniki d¼więkowej','USTZ','EXAM',1),(414,4,4,'Analiza algorytmów','AAL','EXAM',1),(415,5,4,'Programowanie  obiektowe (I)','PROI','NO_EXAM',1),(416,0,0,'Wychowanie fizyczne 2','WF2','NO_EXAM',1),(417,5,4,'Systemy i sieci dostępowe','SSD','NO_EXAM',1),(418,6,6,'Technika wysokich częstotliwości','TEWCZ','EXAM',1),(419,5,4,'Techniki integracji mikrosystemowej','TIMI','NO_EXAM',1),(420,5,3,'Pracownia problemowa (UI)','PPMI','NO_EXAM',1),(421,0,0,'Wychowanie fizyczne 4','WF4','NO_EXAM',1),(422,2,8,'Oprogramowanie użytkowe (K)','OPU-1','EXAM',1),(423,3,2,'Logiczne układy programowalne','LUP','NO_EXAM',1),(424,3,2,'Presentation  Techniques','EPRTE','NO_EXAM',1),(425,4,16,'Oprogramowanie użytkowe (D)','OPU-2','EXAM',1),(426,4,3,'Inteligentne systemy robotyczne','ISR','EXAM',1),(427,5,4,'Systemy telekomunikacji satelitarnej','STS','NO_EXAM',1),(428,4,3,'Komputerowa analiza problemów elektrodynamiki','KAPE','EXAM',1),(429,4,3,'Inteligentne systemy informacyjne','ISI','EXAM',1),(430,6,4,'Differential and Difference Equations','EDDE','EXAM',1),(431,4,3,'Informatyka śledcza','ISL','NO_EXAM',1),(432,4,3,'Komputery PC (WI)','PCET','NO_EXAM',1),(433,4,3,'Symulacja układów radioelektronicznych','SUREL','NO_EXAM',1),(434,5,3,'Real-time Systems (EMARO)','ERTS','NO_EXAM',1),(435,4,4,'Prawo gospodarcze','PGOZ','EXAM',1),(436,5,3,'Podstawowe układy radioelektroniczne','PURAD','NO_EXAM',1),(437,6,5,'Projektowanie układów sterowania (projekt grupowy)','PUST','NO_EXAM',1),(438,4,3,'Analiza semantyczna obrazu i d¼więku','ASOD','EXAM',1),(439,5,4,'Administrowanie systemem Unix i siecią TCP/IP','ASU','NO_EXAM',1),(440,5,4,'Seminarium pedagogiczne','SEP','NO_EXAM',1),(441,4,3,'Fizyka ciała stałego','FCSM','EXAM',1),(442,6,4,'Graphical User Interfaces','EGUI','NO_EXAM',1),(443,4,3,'Analiza i projektowanie protokołów telekomunikacyjnych','APPT','EXAM',1),(444,4,4,'Pozatechniczne aspekty działalności inżynierskiej w informat','PADUZ','EXAM',1),(445,4,3,'Podstawy automatyki','PODA','EXAM',1),(446,4,3,'Projektowanie wiarygodnych systemów cyfrowych','PWSC','EXAM',1),(447,6,6,'Zjazd kierunkowy','ZJKUZ','NO_EXAM',1),(448,4,4,'Elektronika cyfrowa','ECY','EXAM',1),(449,6,5,'Podstawy programowania (I)','PRI','NO_EXAM',1),(450,4,3,'Pola i fale (T)','POFAT','EXAM',1),(451,6,4,'Systemy  radiodyfuzyjne','SRDM','EXAM',1),(452,5,4,'Charakteryzacja struktur i technologii mikroelektronicznych','CSTM','NO_EXAM',1),(453,5,3,'Matematyka dyskretna (WI)','MDYSK','EXAM',1),(454,0,0,'European Union - Canada Student Mobility','EUC','EXAM',1),(455,4,3,'Propedeutyka nauk medycznych (IBM)','PNMB','NO_EXAM',1),(456,4,3,'Wstęp do metod numerycznych (E)','WNUM','NO_EXAM',1),(457,6,4,'Digital Signal Processor Architecture and Programming','EDSPA','EXAM',1),(458,3,2,'Techniki obliczeniowe i symulacyjne','TOSM','NO_EXAM',1),(459,5,4,'Podstawy techniki wielkich częstotliwości','TWCZ','NO_EXAM',1),(460,6,4,'Adaptive Image Recognition','EADIR','NO_EXAM',1),(461,4,3,'Metody optymalizacji w zastosowaniach','MOZA','EXAM',1),(462,3,2,'Kompatybilność elektromagnetyczna','KE','EXAM',1),(463,4,16,'Informatyka i technologia informacyjna (D)','ITI','EXAM',1),(464,3,2,'Podstawy chemii','PCH','EXAM',1),(465,0,0,'Infox','INFOX','NO_EXAM',1),(466,5,4,'Działalność gospodarcza w telekomunikacji','DGWT','NO_EXAM',1),(467,1,1,'Laboratorium podstaw automatyki i robotyki','LAUR','NO_EXAM',1),(468,6,6,'Mikroprocesory i systemy  wbudowane','MSWZ','EXAM',1),(469,8,6,'Pracownia problemowa magisterska 1','PPM-1','NO_EXAM',1),(470,5,4,'Zarządzanie sieciami telekomunikacyjnymi','ZST','NO_EXAM',1),(471,15,12,'Przygotowanie pracy dyplomowej inżynierskiej','PDI-2','NO_EXAM',1),(472,5,4,'Pracownia dyplomowa inżynierska 1','PDI-1','NO_EXAM',1),(473,1,1,'Społeczeñstwo informacji i wiedzy','SWM','NO_EXAM',1),(474,3,2,'Seminarium  dyplomowe 2','SD2M','NO_EXAM',1),(475,2,2,'Działalność gospodarczo-prawna wobec integracji europejskiej','DG','NO_EXAM',1),(476,6,4,'Systemy wbudowane','SWB','NO_EXAM',1),(477,5,3,'Signal Processing (EMARO)','ESPRO','NO_EXAM',1),(478,5,4,'Wprowadzenie do baz danych','WBD','NO_EXAM',1),(479,4,3,'Systemy szerokopasmowe z celowym rozpraszaniem widma','SSRW','NO_EXAM',1),(480,5,3,'Projektowanie układów analogowych dla systemów VLSI','PUAV','NO_EXAM',1),(481,4,3,'Nowe techniki transmisji radiowej','NTTR','EXAM',1),(482,5,4,'Teoria sterowania','TST','NO_EXAM',1),(483,4,3,'Analiza i równania różniczkowe 2','ANA2','NO_EXAM',1),(484,3,2,'Bezpieczeñstwo informacji','BIN','EXAM',1),(485,3,2,'Biochemia','BIO','NO_EXAM',1),(486,5,4,'Rachunek prawdopodobieñstwa i statystyka (IBM)','RPR','EXAM',1),(487,4,3,'Robot Programming Methods (EMARO)','EPRM','EXAM',1),(488,3,2,'Regulacje prawne w telekomunikacji','RPT','NO_EXAM',1),(489,6,4,'Fizyka - kurs dla zaawansowanych','FIZYK','EXAM',1),(490,2,2,'Kreowanie wizerunku firmy','KWF','NO_EXAM',1),(491,1,1,'Psychologia emocji i zachowañ społecznych','SL4','EXAM',1),(492,1,1,'Osobowość człowieka w czasach turbulencji','SL5','NO_EXAM',1),(493,2,2,'Komputer w kulturze współczesnej','KWK','NO_EXAM',1),(494,3,2,'Analiza danych z pakietem R - I','SL1','EXAM',1),(495,3,2,'Analiza danych z pakietem R - II','SL2','EXAM',1),(496,1,1,'Metody pomiarowe i techniki eksperymentalne w termomechanice','SL3','EXAM',1),(497,6,4,'Operating  Systems','EOPSY','EXAM',1),(498,6,6,'Systemy cyfrowe (Z)','SYCZ','EXAM',1),(499,4,4,'Język hiszpañski 1 - poziom A2','JH-1','NO_EXAM',1),(500,4,3,'Biometryczna identyfikacja tożsamości','BIT','EXAM',1),(501,1,1,'Wszechświat bliski i daleki','PWZ2','NO_EXAM',1),(502,1,1,'Wolna wola a determinizm i realność przeszłości','PWZ5','NO_EXAM',1),(503,3,2,'Seminarium dyplomowe magisterskie 1','SDM-1','NO_EXAM',1),(504,4,16,'Edycja szkolnej witryny internetowej (K)','EWI-1','EXAM',1),(505,3,2,'Modelowanie statystyczne z pakietem R','PWZ6','NO_EXAM',1),(506,4,3,'Metody numeryczne (J)','MNUM','NO_EXAM',1),(507,6,4,'Computer Graphics','ECOGR','NO_EXAM',1),(508,4,3,'Cyfrowe systemy  komórkowe','CSKM','NO_EXAM',1),(509,9,6,'Matematyka 2','MAT2M','EXAM',1),(510,4,3,'Systemy CAD/CAM (WI)','SYSCA','NO_EXAM',1),(511,4,3,'Metody numeryczne (IBM)','MNUB','NO_EXAM',1),(512,4,4,'Przyrządy półprzewodnikowe','PP','NO_EXAM',1),(513,4,3,'System UMTS','UMTS','NO_EXAM',1),(514,1,1,'Charakterystyka materiałów inżynierskich','PW-S7','NO_EXAM',1),(515,6,6,'Metody numeryczne  (Z)','MNUZ','EXAM',1),(516,3,3,'Podstawy ekonomii (Z)','POMZ','EXAM',1),(517,4,32,'Internet (D)','INTR','EXAM',1),(518,6,6,'Architektury i technologie systemów internetowych (UZ)','ATSUZ','EXAM',1),(519,4,3,'Fizyka kwantowa i statystyczna','FKS','NO_EXAM',1),(520,3,2,'Gospodarka rynkowa - studium europejskie','GOR','NO_EXAM',1),(521,3,2,'Podstawy modelowania w medycynie','PMOM','NO_EXAM',1),(522,4,3,'Obliczeniowa teoria liczb w informatyce i telekomunikacji','OTL','EXAM',1),(523,4,3,'Urządzenia zewnętrzne i interfejsy','UZINT','NO_EXAM',1),(524,4,4,'Zjazd 1 - Podstawy technologii informacyjnej','ZJ1Z','NO_EXAM',1),(525,25,20,'Przygotowanie pracy dyplomowej magisterskiej 2','PDM-2','NO_EXAM',1),(526,8,6,'Pracownia dyplomowa magisterska 1','PDM-1','NO_EXAM',1),(527,5,4,'Adaptacyjne przetwarzanie sygnałów','APSG','EXAM',1),(528,5,4,'Projektowanie systemów radiokomunikacyjnych','PSRD','NO_EXAM',1),(529,4,3,'Rozproszone systemy pomiarowo-kontrolne','RSPK','EXAM',1),(530,4,3,'Podstawy techniki  komputerowej','PKOM','NO_EXAM',1),(531,1,1,'Teoria katastrof','PWS18','NO_EXAM',1),(532,1,1,'Ryzyko operacyjne - najnowsze wyzwanie zarządzania','PWS19','NO_EXAM',1),(533,7,5,'Projekt 2 (dyplomowy)','PSRM','NO_EXAM',1),(534,6,6,'Grafika komputerowa i wizualizacja','GKWZ','EXAM',1),(535,4,3,'Języki przetwarzania symbolicznego','JPS','NO_EXAM',1),(536,0,0,'Wydziałowa Komisja Rekrutacyjna','WKR','EXAM',1),(537,1,1,'Fizykochemiczne badania materii w kryminalistyce','PWS11','NO_EXAM',1),(538,5,4,'Teoria optymalizacji','TOP','EXAM',1),(539,2,1,'Podstawy informatyki kwantowej','PWS13','NO_EXAM',1),(540,3,2,'Półprzewodniki - rola w epoce informacyjnej','PW-Z3','NO_EXAM',1),(541,5,4,'Bezprzewodowe sieci kratowe','BESK','EXAM',1),(542,3,2,'Elementy mechaniki ogólnej (PW)','PW-Z1','NO_EXAM',1),(543,5,3,'Podstawy automatyki (UI)','PAT','NO_EXAM',1),(544,3,2,'Współczesna optyka i fotonika','PW-Z6','EXAM',1),(545,3,2,'Podstawy fizyki ciała stałego','PW-Z5','EXAM',1),(546,5,2,'Programowanie aplikacji dla środowiska Windows (WI)','PAW','EXAM',1),(547,3,3,'Elektronika ciała stałego','ELCS','NO_EXAM',1),(548,3,2,'Wielcy myśliciele: od Platona do Lema','WM','NO_EXAM',1),(549,3,2,'Wstęp do fizyki ciała stałego','PW-Z8','NO_EXAM',1),(550,6,5,'Języki programowania','JP','NO_EXAM',1),(551,3,2,'Konstrukcje inteligentne','PWZ13','EXAM',1),(552,5,4,'Wstęp do informatyki','WI','NO_EXAM',1),(553,3,2,'Statystyka w zastosowaniach z użyciem pakietu R i Statistica','PWZ12','EXAM',1),(554,5,4,'Wstęp do robotyki','WR','EXAM',1),(555,3,2,'Sterowanie układami dynamicznymi','PW-Z2','NO_EXAM',1),(556,3,2,'Mini, mikro, nano - laboratorium na chipie','PWZ15','NO_EXAM',1),(557,4,3,'Użytkowanie systemu UNIX','USUX','EXAM',1),(558,4,2,'Seminarium dyplomowe (UI)','SDMI','NO_EXAM',1),(559,6,4,'Communication Protocols','ECOPR','NO_EXAM',1),(560,4,3,'Programowanie dla systemów: mobilnego iOS oraz MacOS X','APIOS','NO_EXAM',1),(561,4,3,'Percepcja maszyn','PERM','NO_EXAM',1),(562,1,1,'Zasady wariacyjne w naukach przyrodniczych','PWZ19','NO_EXAM',1),(563,5,4,'Równoległe implementacje metod numerycznych','RIM','EXAM',1),(564,3,2,'Społeczne oblicza przemian technologicznych','SPOPT','NO_EXAM',1),(565,3,2,'Techniki laserowe w biomedycynie. Biofotonika','TLBIO','NO_EXAM',1),(566,1,1,'Automative Radars','EARAD','NO_EXAM',1),(567,4,3,'Analiza i modelowanie sieci teleinformatycznych','AMST','EXAM',1),(568,6,6,'Systemy czasu rzeczywistego (UZ)','SCRUZ','EXAM',1),(569,5,4,'Systemy automatyki DCS i SCADA','DCS','NO_EXAM',1),(570,3,2,'Diploma Seminar','EDISE','NO_EXAM',1),(571,8,6,'Pracownia dyplomowa magisterska','PDMGR','NO_EXAM',1),(572,5,3,'Cyfrowa transmisja  sygnałów','CTSM','EXAM',1),(573,3,2,'Oddziaływanie fal elektromagnetycznych na organizmy żywe','OFE','NO_EXAM',1),(574,3,2,'Marketing polityczny z perspektywy socjologicznej','MPPS','NO_EXAM',1),(575,1,1,'Praktyka zawodowa 4','PZ4','NO_EXAM',1),(576,5,4,'Systemy transmisji danych','STDA','NO_EXAM',1),(577,2,2,'Filozofia informacji i techniki','FITE','NO_EXAM',1),(578,1,1,'Praktyka zawodowa 2','PZ2','NO_EXAM',1),(579,4,3,'Projektowanie systemów SDR','PSDR','NO_EXAM',1),(580,6,4,'Digital Signal Processing','EDISP','EXAM',1),(581,6,4,'Mathematical Analysis','EMANA','EXAM',1),(582,2,2,'Seminarium dyplomowe magisterskie 2','SDM2','NO_EXAM',1),(583,5,5,'Metody optymalizacji (UZ)','MOUZ','EXAM',1),(584,2,2,'Seminarium dyplomowe magisterskie 1','SDM1','NO_EXAM',1),(585,6,6,'Obliczenia rozproszone w klastrach i gridach','ORKUZ','EXAM',1),(586,5,3,'Metody sztucznej inteligencji (UI)','MSZI','EXAM',1),(587,5,4,'Optimization Techniques (EMARO)','EOPT','EXAM',1),(588,4,3,'Nanostruktury i nanosystemy','NIN','NO_EXAM',1),(589,5,4,'Zarządzanie i harmonogramowanie procesów','ZAH','NO_EXAM',1),(590,3,2,'Humanistyka wobec wyzwañ naszego czasu','PW-L5','NO_EXAM',1),(591,1,1,'Prawo w  telekomunikacji','PWTM','NO_EXAM',1),(592,4,3,'Techniki ultraszerokopasmowe','TUSP','NO_EXAM',1),(593,6,4,'Bazy danych (WI)','BADA','EXAM',1),(594,4,3,'Systemy radiofoniczne','SYR','NO_EXAM',1),(595,3,2,'Organizacja i zarządzanie (UI)','OIZ','NO_EXAM',1),(596,2,2,'Podstawy technik informacyjnych','PTIB','NO_EXAM',1),(597,6,3,'Analiza (WI)','ANAL','EXAM',1),(598,4,3,'Wspomaganie decyzji w warunkach ryzyka','WDWR','NO_EXAM',1),(599,4,3,'Zaawansowane architektury procesorów','ZAP','NO_EXAM',1),(600,6,6,'Zaawansowane bazy danych (UZ)','ZBDUZ','EXAM',1),(601,5,4,'Grafika i przetwarzanie obrazów  (WI)','GPOB','NO_EXAM',1),(602,2,2,'Dylematy moralne współczesności','DMO','NO_EXAM',1),(603,5,4,'Sieci komputerowe','SKM','NO_EXAM',1),(604,5,4,'Programowanie równoległe i rozproszone','PORR','EXAM',1),(605,0,0,'Warsztaty na temat oprogramowania IBM DB2','IBMDB','NO_EXAM',1),(606,3,3,'Podstawy radiokomunikacji','PR','NO_EXAM',1),(607,5,4,'Procesory  sygnałowe','PS','EXAM',1),(608,4,3,'Synteza i optymalizacja układów cyfrowych','SOUC','EXAM',1),(609,5,4,'Sterowniki urządzeñ - podstawy programowania','STER','NO_EXAM',1),(610,4,3,'Wprowadzenie do nauk medycznych','WNM','NO_EXAM',1),(611,6,4,'Parallel Numerical  Methods','EPNM','EXAM',1),(612,3,2,'Równania różniczkowe zwyczajne','PW-L8','NO_EXAM',1),(613,5,4,'Telewizja cyfrowa i interaktywna','TCI','NO_EXAM',1),(614,1,1,'Prawa własności przemysłowej','PWPR','NO_EXAM',1),(615,3,2,'Narzędzia geometrii','PW-L3','NO_EXAM',1),(616,4,3,'Badania urządzeñ audio','BUA','NO_EXAM',1),(617,4,3,'Sygnały i modulacje','SYGM','NO_EXAM',1),(618,3,2,'Podstawy i potencjał informatyki','PW-L4','NO_EXAM',1),(619,3,2,'My i nasze geny: nadzieje i obawy','PW-L7','NO_EXAM',1),(620,3,2,'Analiza zespolona z elementami transformat całkowych','PW-L6','NO_EXAM',1),(621,4,3,'Podstawy fotoniki','FOT','NO_EXAM',1),(622,5,3,'Podstawy teoretyczne informatyki (UI)','POTI','EXAM',1),(623,16,8,'Przygotowanie pracy dyplomowej inżynierskiej (WI)','PRD','NO_EXAM',1),(624,6,6,'Synteza mechanizmów decyzyjnych (UZ)','SMDUZ','EXAM',1),(625,0,0,'Edycja pracy dyplomowej inżynierskiej (WI)','EPRDI','NO_EXAM',1),(626,3,2,'Culture  & Tradition','ECULT','NO_EXAM',1),(627,6,6,'Przetwarzanie sygnałów w telekomunikacji','PSYKZ','EXAM',1),(628,5,5,'Seminarium dyplomowe magisterskie (UZ)','SEDUZ','NO_EXAM',1),(629,1,1,'Praktyka zawodowa 3','PZ3','NO_EXAM',1),(630,4,4,'Fizyka ogólna (E)','FOG','EXAM',1),(631,4,16,'Grafika komputerowa (D)','GKM','EXAM',1),(632,4,3,'Podstawy inżynierii diagnostyki obrazowej w medycynie','PIDOM','EXAM',1),(633,2,1,'Fizyka ogólna (RM)','FOM','NO_EXAM',1),(634,6,4,'Access and Backbone Systems and Networks','EBACK','EXAM',1),(635,4,3,'Sieci komputerowe (E)','SKP1','NO_EXAM',1),(636,5,5,'Zarządzanie i harmonogramowanie procesów (UZ)','ZHPUZ','EXAM',1),(637,6,4,'Wide Area Networking','EWAN','EXAM',1),(638,4,3,'Anteny (RM)','ANM','EXAM',1),(639,4,3,'Metody odkrywania wiedzy','MOW','NO_EXAM',1),(640,4,3,'Komputerowe wspomaganie technik kryminalistycznych','KWTK','NO_EXAM',1),(641,4,16,'Wstęp do informatyki (D)','WDI-2','EXAM',1),(642,4,3,'Anteny','ANT','NO_EXAM',1),(643,4,4,'Podstawy programowania (M)','PRM','NO_EXAM',1),(644,4,3,'Teoria sygnałów i modulacji','TSIM','EXAM',1),(645,2,2,'Techniki medycyny nuklearnej (IBM)','TMENU','NO_EXAM',1),(646,4,3,'Java - obiektowe programowanie aplikacji multimedialnych','OPA','NO_EXAM',1),(647,4,16,'Bazy danych (D)','BD-2','EXAM',1),(648,5,4,'Modelowanie obiektów dla potrzeb animacji','MOA','EXAM',1),(649,3,2,'Master of Science Project 1','EMSC1','NO_EXAM',1),(650,4,16,'Edycja tekstów i skład komputerowy (D)','ETS','EXAM',1),(651,18,12,'Master of Science Project 3','EMSC3','NO_EXAM',1),(652,4,3,'Methodological and Ethical Aspects of Research','EMAR','NO_EXAM',1),(653,15,10,'Master of Science Project 4','EMSC4','NO_EXAM',1),(654,5,4,'Usługi multimedialne w sieciach IP','UMS','EXAM',1),(655,4,4,'Projektowanie i budowa infrastruktury telekomunikacyjnej','PIBIT','EXAM',1),(656,4,3,'Systemy agentowe','SAG','EXAM',1),(657,6,6,'Techniki multimedialne','TMZ','EXAM',1),(658,3,2,'Detekcja promieniowania jonizującego','DEPJO','EXAM',1),(659,3,2,'Wybrane zagadnienia współczesnej telewizji','WZWT','NO_EXAM',1),(660,4,4,'Techniki komunikowania się w nauce i dydaktyce','TKOMD','NO_EXAM',1),(661,4,3,'Zaawansowane struktury półprzewodnikowe','ZSP','EXAM',1),(662,6,6,'Architektura systemów komputerowych','ASKZ','EXAM',1),(663,2,1,'Techniki  multimedialne','TMM','NO_EXAM',1),(664,5,4,'Techniki medycyny nuklearnej','TMN','EXAM',1),(665,4,3,'Technika mikrofalowa','TMO','EXAM',1),(666,6,4,'Adaptive Signal Processing','EASP','EXAM',1),(667,6,6,'CAD w  grafice inżynierskiej','CAGIZ','EXAM',1),(668,2,2,'Język uzupełniający włoski 2 - poziom A2','JWU-2','NO_EXAM',1),(669,0,0,'Warszataty LOTUS','LOTUS','NO_EXAM',1),(670,6,6,'Systemy  operacyjne','SOZ','EXAM',1),(671,5,3,'Techniki kompilacji (UI)','TEKO','EXAM',1),(672,4,3,'Architektura systemu Oracle i podstawy administrowania','ORACL','NO_EXAM',1),(673,4,3,'Rozproszone systemy operacyjne','RSO','NO_EXAM',1),(674,1,1,'Co ludzie robią z lud¼mi, czyli zachowania społeczne','PWS25','NO_EXAM',1),(675,2,2,'Organizacja systemów produkcyjnych','PWS24','NO_EXAM',1),(676,1,1,'Analiza danych z pakietem R - konstrukcja modeli','PWS27','NO_EXAM',1),(677,1,1,'Analiza danych z pakietem R - wnioskowanie statystyczne','PWS26','NO_EXAM',1),(678,1,1,'Ewolucja poglądów na naturę światła','PWS21','NO_EXAM',1),(679,1,1,'Psychologia w praktyce życia zawodowego i osobistego','PWS20','EXAM',1),(680,1,1,'Poznawanie Wszechświata','PWS23','NO_EXAM',1),(681,1,1,'Wstęp do filozofii','PWS22','NO_EXAM',1),(682,5,4,'Sygnały, modulacje i systemy','SYMSE','NO_EXAM',1),(683,1,1,'Ile zwierzęcia w człowieku...','PWS28','NO_EXAM',1),(684,6,4,'Compiling Techniques','ECOTE','EXAM',1),(685,4,3,'Zaawans. technologie mikroelektroniki i fotoniki krzemowej','ZTM','NO_EXAM',1),(686,5,4,'Synteza reguł decyzyjnych','SRD','EXAM',1),(687,6,6,'Algorytmy i  bezpieczeñstwo danych','ABDZ','EXAM',1),(688,6,4,'Wireless Systems and Networks','EWSYS','NO_EXAM',1),(689,5,4,'Podstawy internetu przyszłości','PIP','EXAM',1),(690,4,3,'Usługi mobilne i kontekstowe','UMIK','EXAM',1),(691,5,4,'Podstawy fotowoltaiki','PFOT','EXAM',1),(692,2,2,'Język uzupełniający rosyjski 2 - poziom A2','JRU-2','NO_EXAM',1),(693,3,2,'Academic Writing','EACAW','NO_EXAM',1),(694,4,3,'Zaawansowane techniki radiokomunikacyjne','ZTR','NO_EXAM',1),(695,4,3,'Systemy UMTS i LTE','ULTE','NO_EXAM',1),(696,6,4,'Queuing  Theory','EQUTH','EXAM',1),(697,4,3,'Wstęp do programowania aplikacji mobilnych','WPAM','NO_EXAM',1),(698,6,4,'Multi-Service and Multimedia Networks','EMSMN','NO_EXAM',1),(699,4,3,'Modelowanie i sterowanie robotów','MORO','EXAM',1),(700,3,2,'Aplikacje  multimedialne','AMRM','NO_EXAM',1),(701,5,5,'Programowanie  (Z)','PRZ','EXAM',1),(702,4,3,'Systemy telemedyczne','TELM','EXAM',1),(703,4,4,'Rachunek prawdopodobieñstwa i statystyka','RPSZ','EXAM',1),(704,4,3,'Podstawy obrazowania medycznego','POMED','EXAM',1),(705,0,0,'Edycja pracy dyplomowej magisterskiej (UR)','EPDMW','NO_EXAM',1),(706,5,4,'Tomografia komputerowa','TOM','EXAM',1),(707,5,4,'Wieloagentowe systemy decyzyjne','WSD','NO_EXAM',1),(708,2,1,'Podstawy robotyki (IBM)','POROB','NO_EXAM',1),(709,5,4,'Procesory sygnałowe - architektura i programowanie','PSAP','EXAM',1),(710,4,3,'Architektura i integracja systemów','AIS','NO_EXAM',1),(711,2,8,'Wstęp do informatyki (K)','WDI-1','EXAM',1),(712,5,4,'Podstawy techniki cyfrowej','PTCY','EXAM',1),(713,5,4,'Elementy i układy elektroniczne','ELIU','EXAM',1),(714,4,3,'Struktury półprzewodnikowe dla układów VLSI i ULSI','SPVU','EXAM',1),(715,4,3,'Mikroczujniki i mikrosystemy','MIMI','EXAM',1),(716,5,4,'Cyfrowe przetwarzanie sygnałów biologicznych','CPSB','NO_EXAM',1),(717,4,3,'Wprowadzenie do eksploracji danych tekstowych w sieci WWW','WEDT','NO_EXAM',1),(718,5,3,'Systemy rozproszone (UI)','SYRO','NO_EXAM',1),(719,0,0,'Edycja pracy dyplomowej magisterskiej (UI)','EPDMI','NO_EXAM',1),(720,4,3,'Filtracja optymalna i statystyczne przetwarzanie sygnałów','FOPT','NO_EXAM',1),(721,4,3,'Modelowanie w biomechanice','MBM','NO_EXAM',1),(722,6,6,'Zjazd 2 - Metody i narzędzia informatyki','ZJ2Z','NO_EXAM',1),(723,4,3,'Metody bioinformatyki','MBI','EXAM',1),(724,6,6,'Podstawy  techniki d¼więkowej','PTDZ','EXAM',1),(725,6,4,'Distributed Computing and Systems','EDCS','NO_EXAM',1),(726,5,4,'Systemy operacyjne (I)','SOI','EXAM',1),(727,4,3,'Optymalizacja we wspomaganiu decyzji','OWD','NO_EXAM',1),(728,0,0,'Master Diploma Edition','EMDE','NO_EXAM',1),(729,4,3,'Układy hybrydowe','UKH','NO_EXAM',1),(730,5,4,'Szybkie masywnie równoległe metody obliczeniowe','SMOR','NO_EXAM',1),(731,5,4,'Sieci TCP/IP - podstawy programowania','PPS','NO_EXAM',1),(732,4,3,'Obwody i  sygnały','OSRM','NO_EXAM',1),(733,1,1,'Miary odporności modeli liniowych na zaburzenia','PWS14','NO_EXAM',1),(734,2,2,'Metody badania materiałów i tkanek','MBT','NO_EXAM',1),(735,4,4,'Modelowanie i identyfikacja','MODI','NO_EXAM',1),(736,3,2,'Materiałoznawstwo - laboratorium','MATRL','NO_EXAM',1),(737,6,4,'Programming Fundamentals','EPFU','NO_EXAM',1),(738,6,6,'Metody  sztucznej  inteligencji','MESZ','EXAM',1),(739,6,4,'Optical Fiber  Transmission','EOFT','EXAM',1),(740,5,4,'Usługi telekomunikacyjne - ewolucja','UTE','NO_EXAM',1),(741,4,3,'Specyfikacje formalne i programy funkcyjne','SPOP','NO_EXAM',1),(742,2,2,'Inżynieria rehabilitacji ruchowej','IRR','NO_EXAM',1),(743,3,2,'Mediacje i sądownictwo polubowne','MESP','NO_EXAM',1),(744,7,3,'Algebra i analiza (WI)','ALIAN','EXAM',1),(745,5,4,'Mechanika i wytrzymałość materiałów','MWM','EXAM',1),(746,5,4,'Metody symulacyjne w telekomunikacji','MEST','EXAM',1),(747,2,2,'Język uzupełniający szwedzki 1 - poziom A1','JSU-1','NO_EXAM',1),(748,5,4,'Architektura komputerów','ARKO','NO_EXAM',1),(749,5,4,'Systemy pomiarowe','SPOM','EXAM',1),(750,4,3,'Nanotechnologie','NAN','NO_EXAM',1),(751,4,3,'MATLAB w zaawansowanych metodach obliczeniowych','MZMO','NO_EXAM',1),(752,5,4,'Podstawy nanoelektroniki i nanofotoniki','NANO','NO_EXAM',1),(753,2,2,'Przedsiębiorczość w praktyce','PWP','NO_EXAM',1),(754,4,3,'Miernictwo  radioelektroniczne','MRM','NO_EXAM',1),(755,3,2,'Aparatura radiologiczna w diagnostyce medycznej','ARDM','EXAM',1),(756,4,4,'Seminarium dyplomowe inżynierskie (Z)','SDZ','NO_EXAM',1),(757,20,16,'Pracownia naukowa 4','PN4','NO_EXAM',1),(758,5,5,'Zaawansowane technologie bezpieczeñstwa sieci komputerowej','ZTBUZ','EXAM',1),(759,5,4,'Analiza i projektowanie systemów informacyjnych','APSI','EXAM',1),(760,9,6,'Matematyka  1','MAT1M','EXAM',1),(761,4,4,'Fizyczne podstawy transmisji i przechowywania informacji','FPTUZ','EXAM',1),(762,4,16,'Arkusze kalkulacyjne (D)','AK-2','EXAM',1),(763,2,1,'Seminarium dyplomowe  1','SDM','NO_EXAM',1),(764,3,3,'Ergonomia i bezpieczeñstwo pracy','EBPZ','EXAM',1),(765,3,2,'Podstawy łączności satelitarnej','SATM','NO_EXAM',1),(766,2,2,'Prawa własności intelektualnej','PWI','NO_EXAM',1),(767,4,4,'Bazy danych 1','BD','NO_EXAM',1),(768,7,4,'Cyfrowe przetwarzanie sygnałów (UI)','CPSM','EXAM',1),(769,3,2,'Radar Theory and Technology','ERAD','NO_EXAM',1),(770,4,16,'Wstęp do programowania w języku C++ (K)','WDC','EXAM',1),(771,3,2,'Biomateriały','BIOMA','NO_EXAM',1),(772,6,4,'Modelling and Control of Manipulators (EMARO)','EMOMA','EXAM',1),(773,8,4,'Zaawansowane problemy systemów baz danych (UI)','ZPSBI','EXAM',1),(774,6,4,'Signal Processing and Coding in Telecommunications','ESPTE','EXAM',1),(775,3,1,'Wstęp do informatyki (WI)','WDI','NO_EXAM',1),(776,4,3,'Cyfrowe przetwarzanie sygnałów fonicznych','CPSF','EXAM',1),(777,3,2,'Institutions of Democracy','EIOD','NO_EXAM',1),(778,4,2,'Systemy radiokomunikacyjne 2','SRK2M','EXAM',1),(779,4,4,'Język hiszpañski 2 - poziom B1','JH-2','NO_EXAM',1),(780,4,4,'Język włoski 1 - poziom A2','JW-1','NO_EXAM',1),(781,6,4,'Computer Networks','ECONE','EXAM',1),(782,5,4,'Czasowo-częstotliwościowe metody analizy i syntezy sygnałów','CCM','EXAM',1),(783,5,4,'Techniki informacyjne w medycznej diagnostyce obrazowej','TIM','NO_EXAM',1),(784,4,3,'Techniki internetowe','TIN','NO_EXAM',1),(785,6,4,'Master of Science Project 2','EMSC2','NO_EXAM',1),(786,4,3,'Systemy radiokomunikacyjne','SRKO','NO_EXAM',1),(787,6,4,'Systemy  radiokomunikacyjne','SRKM','EXAM',1),(788,0,0,'Physical Education and Sports 3','EPHE3','NO_EXAM',1),(789,0,0,'Physical Education and Sports 2','EPHE2','NO_EXAM',1),(790,0,0,'Physical Education and Sports 1','EPHE1','NO_EXAM',1),(791,4,3,'Cyfrowe przetwarzanie sygnałów pomiarowych','CPSP','EXAM',1),(792,4,3,'Sieci fotoniczne nowej generacji','SFNG','NO_EXAM',1),(793,3,2,'Wielkie religie świata','FWR','NO_EXAM',1),(794,0,0,'Physical Education and Sports 4','EPHE4','NO_EXAM',1),(795,5,4,'Wytwarzanie aplikacji internetowych i korporacyjnych','PIK','NO_EXAM',1),(796,6,6,'Inżynieria  oprogramowania','IOZ','EXAM',1),(797,4,3,'Inżynieria oprogramowania','IOP','NO_EXAM',1),(798,4,16,'Internet (K)','INT-1','EXAM',1),(799,6,6,'Technika obrazowa','TEOZ','EXAM',1),(800,3,2,'Techniki tomograficzne','TETOM','NO_EXAM',1),(801,5,4,'Techniki kompilacji','TKOM','EXAM',1),(802,4,3,'Telekomunikacja optofalowa','TEOP','EXAM',1),(803,7,5,'Analiza 1','ANL1','EXAM',1),(804,4,3,'Przestrzenne bazy danych','SPDB','NO_EXAM',1),(805,4,3,'Analiza pól elektromagnetycznych w urządzeniach w. cz.','APEM','NO_EXAM',1),(806,3,2,'Wprowadzenie do zarządzania projektami','WZAP','NO_EXAM',1),(807,4,3,'Szumy i zakłócenia w aparaturze elektronicznej','SZAE','EXAM',1),(808,5,5,'Zjazd  dyplomowy','ZDYZ','NO_EXAM',1),(809,15,15,'Praca dyplomowa magisterska (UZ)','PDUZ','EXAM',1),(810,6,6,'Teleinformatyczne sieci bezprzewodowe','TESBZ','EXAM',1),(811,3,2,'Wstęp do mikrosystemów','WMS','NO_EXAM',1),(812,4,3,'Systemy komputerowe','SYKO','NO_EXAM',1),(813,4,3,'Zaawansowane programowanie w C++','ZPR','NO_EXAM',1),(814,1,1,'Praktyka zawodowa 1','PZ1','NO_EXAM',1),(815,4,3,'Zarządzanie projektami informatycznymi','ZPI','NO_EXAM',1),(816,3,2,'Auditory Acoustics: New Frontiers','EAUD','NO_EXAM',1),(817,5,4,'Współczesne techniki heurystyczne','WMH','EXAM',1),(818,4,4,'Język angielski 3 -  poziom B2','JA3Z','EXAM',1),(819,5,5,'Sieci komputerowe  (Z)','SKOZ','EXAM',1),(820,6,4,'Computer Architecture','ECOAR','EXAM',1),(821,4,4,'Język hiszpañski 3 - poziom B2','JH-3','NO_EXAM',1),(822,4,3,'Podstawy metrologii','PMEM','NO_EXAM',1),(823,2,2,'Język uzupełniający włoski 1 - poziom A1','JWU-1','NO_EXAM',1),(824,4,3,'Anatomia robotów','ANRO','EXAM',1),(825,2,2,'Podstawy  transmisji cyfrowej','PTC','EXAM',1),(826,6,4,'Algebra liniowa','ALIN','EXAM',1),(827,6,4,'Systemy mikroprocesorowe (WI)','SYSMI','EXAM',1),(828,0,0,'Warsztaty WebSphere','WEBS','NO_EXAM',1),(829,0,0,'Physical Education and Sports','EPHED','NO_EXAM',1),(830,4,3,'Podstawy teoretyczne multimediów','PTMT','EXAM',1),(831,5,3,'Tomografia rezonansu magnetycznego','TRM','EXAM',1),(832,3,2,'Równania różniczkowe: narzędzie nauk przyrodniczych','PWZ7','NO_EXAM',1),(833,4,4,'Algorytmy i metody optymalizacji','AMO','NO_EXAM',1),(834,4,16,'Problemy algorytmiczne i programowanie w języku C++ (K)','PRAL','EXAM',1),(835,4,3,'Synteza sprzętowo-programowa systemów cyfrowych','SSP','EXAM',1),(836,4,3,'Programowanie aplikacji interakcyjnych','PAIN','NO_EXAM',1),(837,4,3,'Podstawy techniki  światłowodowej','PTSRM','NO_EXAM',1),(838,4,3,'Podstawy plazmoniki i metamateriałów','PLAZ','EXAM',1),(839,4,3,'Optymalizacja dyskretna i sieciowa','ODS','EXAM',1),(840,0,0,'Wychowanie fizyczne 3','WF3','NO_EXAM',1),(841,2,2,'Seminarium dyplomowe inżynierskie','SDI','NO_EXAM',1),(842,3,2,'Sieci telekomunikacyjne','STKM','NO_EXAM',1),(843,5,3,'Pracownia dyplomowa  1','PD1M','NO_EXAM',1),(844,4,3,'Cyfrowa transmisja informacji','CTIN','EXAM',1),(845,6,4,'Podstawy elektroniki 1 (WI)','POEL1','EXAM',1),(846,4,16,'Programowanie zdarzeniowe Delphi (K)','DEL','EXAM',1),(847,6,6,'Matematyka 1  (Z)','MA1Z','EXAM',1),(848,4,3,'Algorytmy ewolucyjne','AE','NO_EXAM',1),(849,2,2,'Historia filozofii','HF','NO_EXAM',1),(850,5,4,'Lasery - kurs podstawowy','LKP','EXAM',1),(851,1,1,'Elementy kultury materialnej','EKM','NO_EXAM',1),(852,4,3,'Podstawy techniki obrazowej','PTO','EXAM',1),(853,6,4,'Podstawy elektroniki 2 (WI)','POEL2','EXAM',1),(854,4,3,'Podstawy teoretyczne informatyki','PTI','EXAM',1),(855,3,2,'Seminarium dyplomowe magisterskie 2','SDM-2','NO_EXAM',1),(856,5,4,'Oprogramowanie systemów pomiarowych','OSP','NO_EXAM',1),(857,5,4,'Rozpoznawanie obrazów','ROB','NO_EXAM',1),(858,4,3,'Podstawy techniki d¼więkowej','PTD','EXAM',1),(859,4,16,'Metodyka nauczania technologii informacyjnej (K)','MNT','EXAM',1),(860,5,4,'Organizacja sektora telekomunikacyjnego','OST','NO_EXAM',1),(861,8,4,'Rozpoznawanie obrazów (UI)','ROBI','EXAM',1),(862,4,16,'Metodyka nauczania informatyki (K)','MNI','EXAM',1),(863,6,6,'Technika cyfrowa','TCYZ','EXAM',1),(864,3,3,'Biznes - rachunkowość   (WI)','BIZR','EXAM',1),(865,4,3,'Oprogramowanie systemów medycznych','OSM','NO_EXAM',1),(866,6,6,'Podstawy  telekomunikacji','PTZ','EXAM',1),(867,4,3,'Sieci czujnikowe','SCZ','NO_EXAM',1),(868,4,3,'Analiza i modelowanie procesów fizjologicznych','AMP','NO_EXAM',1),(869,3,3,'Podstawy telekomunikacji','PTT','NO_EXAM',1),(870,3,2,'Kontrola jakości urządzeñ diagnostycznych','KJUD','NO_EXAM',1),(871,6,4,'Internet Technologies and Standards','EINTE','NO_EXAM',1),(872,2,2,'Sytuacje konfliktowe i możliwości ich rozwiązywania','TRK','NO_EXAM',1),(873,5,4,'Modelowanie i symulacja komputerowa','MISK','EXAM',1),(874,2,2,'Język uzupełniający angielski 2 - poziom A2','JAU-2','NO_EXAM',1),(875,5,4,'Techniki realizacji cyfrowego przetwarzania sygnałów','TRA','NO_EXAM',1),(876,0,0,'Język hiszpañski - egzamin: poziom B2','JH-E','EXAM',1),(877,6,4,'IP Multimedia Subsystem','EIMS','NO_EXAM',1),(878,3,2,'Diagnostyka procesów przemysłowych','DIPR','EXAM',1),(879,6,6,'Sieci następnej  generacji','SNAGZ','EXAM',1),(880,5,3,'Bazy danych (UR)','BDW','NO_EXAM',1),(881,4,3,'Zbiorcze bazy danych','ZBD','NO_EXAM',1),(882,3,2,'Akwizycja i przetwarzanie danych z wykorzystaniem LabVIEW','LABV','NO_EXAM',1),(883,6,6,'Metody numeryczne (UZ)','MENUZ','EXAM',1),(884,6,4,'Transmisja przewodowa','TRP','NO_EXAM',1),(885,5,4,'Transport i sterowanie w sieciach telekomunikacyjnych','TSST','EXAM',1),(886,6,4,'Algorithms & Data Structures','EADS','EXAM',1),(887,5,5,'Bazy  danych','BDZ','EXAM',1),(888,5,4,'Sieci IP','SIP','EXAM',1),(889,4,3,'Programowanie systemowe w systemach Windows','PWNT','NO_EXAM',1),(890,5,4,'Podstawy teoretyczne transmisji z widmem rozproszonym','PTTW','NO_EXAM',1),(891,4,3,'Wielkoskalowe metody pomiarowe w biologii molekularnej','MPB','EXAM',1),(892,1,1,'Synthetic Aperture Radar','ESAR','NO_EXAM',1),(893,6,4,'Probability and Statistics','EPRST','EXAM',1),(894,4,4,'Programowalne sieci komputerowe','PSIK','NO_EXAM',1),(895,5,4,'Uczenie się maszyn','UM','EXAM',1),(896,4,4,'Biostatystyka','BST','NO_EXAM',1),(897,0,0,'Miasteczko Testowe TP w Politechnice Warszawskiej','MTTP','NO_EXAM',1),(898,5,4,'Elektroniczna aparatura medyczna','EAME','EXAM',1),(899,5,4,'Metody probabilistyczne i statystyka','MPS','EXAM',1),(900,5,4,'Wspomagane komputerowo projektowanie inżynierskie','WKPI','NO_EXAM',1),(901,7,4,'Matematyka (UI)','MATM','EXAM',1),(902,4,3,'Fotoniczne przyrządy półprzewodnikowe','FPP','EXAM',1),(903,5,4,'Geometria stosowana','GS','EXAM',1),(904,4,3,'Techniki rejestracji i obróbki obrazów w fotografii','TROOF','EXAM',1),(905,4,2,'Elementy statystyki  (WI)','ESTA','NO_EXAM',1),(906,6,4,'Dynamic Systems and Control','EDYCO','NO_EXAM',1),(907,4,3,'Programowalne układy  cyfrowe','PUCM','NO_EXAM',1),(908,4,3,'Słyszenie i percepcja d¼więku','SPD','NO_EXAM',1),(909,4,3,'Bazy danych 2','BD2','EXAM',1),(910,4,3,'Elementy i systemy optoelektroniczne','ESO','NO_EXAM',1),(911,4,3,'Praktyka programowania obiektowego w języku Java','PPOJ','NO_EXAM',1),(912,4,3,'Biomechanika inżynierska','BIOME','EXAM',1),(913,4,3,'Projektowanie urządzeñ cyfrowych','PUCY','NO_EXAM',1),(914,4,3,'Bezpieczeñstwo systemów i sieci','BSS','EXAM',1),(915,5,4,'Systemy analogowo-cyfrowe','SACY','NO_EXAM',1),(916,3,2,'Konstrukcja urządzeñ audio wysokiej jakości','KUA','NO_EXAM',1),(917,5,3,'Układy  elektroniczne','UEM','NO_EXAM',1),(918,2,2,'Język uzupełniający angielski 1 - poziom A1','JAU-1','NO_EXAM',1),(919,5,4,'Systemy komunikacji ruchomej','SKRU','EXAM',1),(920,4,2,'Projekt 2 - sprzętowy (WI)','PROJ2','NO_EXAM',1),(921,5,3,'Technika  emisji i odbioru','TEM','EXAM',1),(922,4,2,'Projekt 1 - programowy (WI)','PROJ1','NO_EXAM',1),(923,4,16,'Budowa komputera (K)','BKM','EXAM',1),(924,4,3,'Sygnały i systemy (E)','SYSE','EXAM',1),(925,4,4,'Sterowanie procesami','STP','NO_EXAM',1),(926,4,3,'Algorytmy heurystyczne','ALHE','NO_EXAM',1),(927,4,16,'Multimedia (K)','MLM-1','EXAM',1),(928,3,2,'Akustyka muzyczna','AM','NO_EXAM',1),(929,4,3,'Elementy techniki analogowej w systemach cyfrowych','EASY','EXAM',1),(930,0,0,'Security (MEA University Program)','SECU','EXAM',1),(931,0,0,'Information Technology Basics','A.ITB','NO_EXAM',1),(932,5,4,'Podstawy mikroelektroniki','PMK','EXAM',1),(933,3,2,'Seminarium naukowe 5','SN5','NO_EXAM',1),(934,4,3,'Sygnały i systemy (IBM)','SYGSY','NO_EXAM',1),(935,6,4,'Cyfrowe układy scalone (WI)','CUS','EXAM',1),(936,5,4,'Testowanie w teleinformatyce','TEWTE','NO_EXAM',1),(937,4,3,'Analiza danych pomiarowych w medycynie','ADP','EXAM',1),(938,3,2,'Pracownia podstaw nanoelektroniki i nanofotoniki','PNAN','NO_EXAM',1),(939,5,5,'Wspomaganie decyzji (UZ)','WDEUZ','EXAM',1),(940,6,4,'Discrete Random Processes','EDRP','EXAM',1),(941,0,0,'Wychowanie fizyczne 1','WF1','NO_EXAM',1),(942,6,4,'Next Generation Networks','ENEXT','EXAM',1),(943,2,2,'Prawa człowieka','PRACZ','NO_EXAM',1),(944,4,3,'Algorytmy i struktury danych (E)','AISDE','EXAM',1),(945,2,1,'Wprowadzenie do programowania','WPRM','NO_EXAM',1),(946,2,2,'¬ródła i rozwój dynamizmu życiowego człowieka','RDC','NO_EXAM',1),(947,2,2,'Prawo w telekomunikacji','PRTE','NO_EXAM',1),(948,6,4,'Computational Electromagnetics for Telecommunication','ECOET','EXAM',1),(949,4,4,'Algorytmy i struktury danych (I)','AISDI','EXAM',1),(950,5,4,'Metody eksploracji danych w odkrywaniu wiedzy','MED','EXAM',1),(951,6,4,'Cryptography and Information Security','ECRYP','EXAM',1),(952,2,1,'Materiały i  elementy','MEM','NO_EXAM',1),(953,4,2,'Systemy komputerowe (WI)','SYSKO','NO_EXAM',1),(954,4,3,'Wizualizacja i modelowanie w multimediach','WIM','NO_EXAM',1),(955,3,2,'Ethical  Aspects of Research and Engineering','EEARE','NO_EXAM',1),(956,4,3,'Systemy DTP (WI)','SYDTP','NO_EXAM',1),(957,5,4,'Komercyjne bazy danych - Oracle','KBD2','NO_EXAM',1),(958,4,3,'Optoelektronika zintegrowana','OZT','NO_EXAM',1),(959,0,0,'Warsztaty TIVOLI','TIVOL','NO_EXAM',1),(960,3,2,'Metoda elementów skoñczonych - zastosowania w bioinżynierii','MES','NO_EXAM',1),(961,5,4,'Teoria informacji i kodowania','TIKO','EXAM',1),(962,5,4,'Podstawy transmisji cyfrowej','POTC','NO_EXAM',1),(963,4,3,'Programowanie zdarzeniowe (T)','PZDT','NO_EXAM',1),(964,6,6,'Organizacja i zarządzanie projektami informatycznymi','OZPUZ','EXAM',1),(965,5,4,'Układy i systemy elektroniczne','USE','EXAM',1),(966,6,6,'Wstęp do programowania  aplikacji  mobilnych','PAMZ','EXAM',1),(967,4,3,'Systemy fotowoltaiczne','SFOT','EXAM',1),(968,4,3,'Układy logiczne','ULOG','EXAM',1),(969,5,2,'Unix - administracja (WI)','UNIX','EXAM',1),(970,6,4,'Pola i  fale','PFM','EXAM',1),(971,4,3,'Technologia wytwarzania oprogramowania','TWO','NO_EXAM',1),(972,3,12,'Wybrane zagadnienia fizyki w informatyce (K)','FIZ-1','EXAM',1),(973,5,4,'Cyfrowe przetwarzanie sygnałów z wykorzystaniem LabView','PSYL','NO_EXAM',1),(974,4,16,'Wstęp do programowania w języku Java (K)','JAVA1','EXAM',1),(975,5,4,'Protokoły kryptograficzne','PKRY','NO_EXAM',1),(976,4,3,'Metody sztucznej inteligencji','MSI','EXAM',1),(977,3,2,'Metody spektroskopowe','PW-Z4','NO_EXAM',1),(978,6,6,'Układy scalone (Z)','USZ','EXAM',1),(979,4,3,'Podstawy teoretyczne kryptografii i ochrony informacji - B','PTKB','EXAM',1),(980,4,3,'Zaawansowane metody w obrazowaniu medycznym','ZMO','NO_EXAM',1),(981,4,2,'Artificial intelligence (EMARO)','EAI','EXAM',1),(982,3,2,'Computer Modelling for Electromagnetics: Visibility of the','WUT13','EXAM',1),(983,3,2,'Sound: Hearing and Acoustical Measurements','WUT10','EXAM',1),(984,3,3,'Biznes - marketing  (WI)','BIZM','NO_EXAM',1),(985,20,16,'Przygotowanie pracy dyplomowej magisterskiej','PDYM','NO_EXAM',1),(986,3,2,'Knowledge  Systems','WUT14','EXAM',1),(987,4,4,'Fizyka ogólna','FO','EXAM',1),(988,6,4,'Image and Speech Recognition','EIASR','NO_EXAM',1),(989,1,1,'Zarządzanie i marketing','ZMM','NO_EXAM',1),(990,5,4,'Transmisja radiowa','TR','NO_EXAM',1),(991,5,4,'Podstawy techniki cyfrowej (WI)','PTCYF','EXAM',1),(992,5,4,'Techniki prezentacji','TP','NO_EXAM',1),(993,6,4,'Programowanie w języku Java (WI)','PROGC','NO_EXAM',1),(994,5,4,'Technika mikroprocesorowa','TM','NO_EXAM',1),(995,5,4,'Pola i fale (E)','POFA','EXAM',1),(996,4,3,'Teoria kolejek','TK','EXAM',1),(997,3,2,'Elementy i układy elektroniczne - laboratorium','ELIUL','NO_EXAM',1),(998,5,4,'Analiza 2','ANL2','EXAM',1),(999,5,5,'Zaawansowane aplikacje internetowe (UZ)','ZAIUZ','EXAM',1),(1000,3,2,'Podstawy chemii nieorganicznej i analitycznej - laboratorium','PCHL','NO_EXAM',1),(1001,6,4,'Control (A)','ECONT','NO_EXAM',1),(1002,4,3,'Systemy czasu rzeczywistego','SCZR','NO_EXAM',1),(1003,6,4,'Programowanie obiektowe C++ (WI)','PROGO','EXAM',1),(1004,4,3,'Projektowanie i modelowanie mikrosystemów','PIMI','NO_EXAM',1),(1005,5,4,'Układy logiczne i podstawy techniki mikroprocesorowej','PULM','NO_EXAM',1),(1006,5,5,'Programowanie równoległe i rozproszone (UZ)','PRRUZ','EXAM',1),(1007,4,3,'Decyzje w warunkach współzawodnictwa','DWW','EXAM',1),(1008,5,5,'Inteligentne techniki obliczeniowe (UZ)','ITOUZ','EXAM',1),(1009,3,2,'Język angielski 6 (WI)','JA6','EXAM',1),(1010,2,2,'Język uzupełniający hiszpañski 4 - poziom C1','JHU-5','NO_EXAM',1),(1011,2,2,'Język uzupełniający hiszpañski 4 - poziom B2','JHU-4','NO_EXAM',1),(1012,3,2,'Język angielski - egzamin: poziom B2 (RM)','JA-EM','EXAM',1),(1013,2,2,'Język uzupełniający hiszpañski 1  - poziom A1','JHU-1','NO_EXAM',1),(1014,2,2,'Język uzupełniający hiszpañski 3 - poziom B1','JHU-3','NO_EXAM',1),(1015,2,2,'Język uzupełniający hiszpañski 2 - poziom A2','JHU-2','NO_EXAM',1),(1016,4,3,'Zaawansowane metody wytwarzania oprogramowania','ZMWO','NO_EXAM',1),(1017,4,3,'Programowanie zdarzeniowe (E)','PROZE','NO_EXAM',1),(1018,5,4,'Wspomaganie decyzji','WDEC','NO_EXAM',1),(1019,4,3,'Metody opisu i symulacji sprzętu','MOSS','EXAM',1),(1020,1,1,'Jak działa Wszechświat?','PWS15','EXAM',1),(1021,3,2,'Problemy efektywności przedsiębiorczości (UR)','PEFW','NO_EXAM',1),(1022,3,2,'Small  Business','ESM','NO_EXAM',1),(1023,5,4,'Przyrządy elektroniki i fotoniki dla telekomunikacji','PEFT','EXAM',1),(1024,3,2,'Rezonans magnetyczny w zastosowaniach biomedycznych','PWS16','EXAM',1),(1025,4,3,'Współczesne układy analogowe, impulsowe i RF','WUAI','NO_EXAM',1),(1026,4,4,'Podstawy optymalizacji','POPTY','EXAM',1),(1027,6,4,'Podstawy programowania strukturalnego C (WI)','PROGP','EXAM',1),(1028,1,1,'Filozofia umysłu, poznania i działania: wybrane zagadnienia','PWS17','NO_EXAM',1),(1029,4,3,'Podstawy konstrukcji i technologii aparatury elektronicznej','PKT','NO_EXAM',1),(1030,1,1,'Techniki badawcze do charakterystyki mikrostruktury','PWS10','NO_EXAM',1),(1031,3,2,'Techniki d¼więkowe','TDRM','NO_EXAM',1),(1032,2,2,'Podstawy prawa - ochrona własności intelektualnej','PRAWO','NO_EXAM',1),(1033,6,3,'Algorytmy i struktury danych (WI)','AISDA','EXAM',1),(1034,4,3,'Podstawy fizyczne nanoelektroniki','PFN','NO_EXAM',1),(1035,1,1,'Poznawanie złożoności','PWS12','NO_EXAM',1),(1036,1,1,'Laboratorium elektrotechniki','LAEL','NO_EXAM',1),(1037,2,2,'Język poegzaminacyjny angielski 2 - poziom C1','JAP-2','NO_EXAM',1),(1038,3,2,'Projekt 1 (koncepcyjny)','PJUM','NO_EXAM',1),(1039,4,3,'Systemy rozmyte','SYROZ','NO_EXAM',1),(1040,9,9,'Podstawy fizyki','PFZ','EXAM',1),(1041,4,3,'Optyczne przełączanie sygnałów telekomunikacyjnych','OPST','NO_EXAM',1);
/*!40000 ALTER TABLE `subject` ENABLE KEYS */;
UNLOCK TABLES;

--
-- Dumping data for table `subject_version`
--
-- ORDER BY:  `id`

LOCK TABLES `subject_version` WRITE;
/*!40000 ALTER TABLE `subject_version` DISABLE KEYS */;
INSERT INTO `subject_version` VALUES (1,'A',1),(2,'A',2),(3,'A',3),(4,'A',4),(5,'A',5),(6,'A',6),(7,'A',7),(8,'A',8),(9,'A',9),(10,'A',10),(11,'A',11),(12,'A',12),(13,'A',13),(14,'A',14),(15,'A',15),(16,'A',16),(17,'A',17),(18,'A',18),(19,'A',19),(20,'A',20),(21,'A',21),(22,'A',22),(23,'A',23),(24,'A',24),(25,'A',25),(26,'A',26),(27,'A',27),(28,'A',28),(29,'A',29),(30,'A',30),(31,'A',31),(32,'A',32),(33,'A',33),(34,'A',34),(35,'A',35),(36,'A',36),(37,'A',37),(38,'A',38),(39,'A',39),(40,'A',40),(41,'A',41),(42,'A',42),(43,'A',43),(44,'A',44),(45,'A',45),(46,'A',46),(47,'A',47),(48,'A',48),(49,'A',49),(50,'A',50),(51,'A',51),(52,'A',52),(53,'A',53),(54,'A',54),(55,'A',55),(56,'A',56),(57,'A',57),(58,'A',58),(59,'A',59),(60,'A',60),(61,'A',61),(62,'A',62),(63,'A',63),(64,'A',64),(65,'A',65),(66,'A',66),(67,'A',67),(68,'A',68),(69,'A',69),(70,'A',70),(71,'A',71),(72,'A',72),(73,'A',73),(74,'A',74),(75,'A',75),(76,'A',76),(77,'A',77),(78,'A',78),(79,'A',79),(80,'A',80),(81,'A',81),(82,'A',82),(83,'A',83),(84,'A',84),(85,'A',85),(86,'A',86),(87,'A',87),(88,'A',88),(89,'A',89),(90,'A',90),(91,'A',91),(92,'A',92),(93,'A',93),(94,'A',94),(95,'A',95),(96,'A',96),(97,'A',97),(98,'A',98),(99,'A',99),(100,'A',100),(101,'A',101),(102,'A',102),(103,'A',103),(104,'A',104),(105,'A',105),(106,'A',106),(107,'A',107),(108,'A',108),(109,'A',109),(110,'A',110),(111,'A',111),(112,'A',112),(113,'A',113),(114,'A',114),(115,'A',115),(116,'A',116),(117,'A',117),(118,'A',118),(119,'A',119),(120,'A',120),(121,'A',121),(122,'A',122),(123,'A',123),(124,'A',124),(125,'A',125),(126,'A',126),(127,'A',127),(128,'A',128),(129,'A',129),(130,'A',130),(131,'A',131),(132,'A',132),(133,'A',133),(134,'A',134),(135,'A',135),(136,'A',136),(137,'A',137),(138,'A',138),(139,'A',139),(140,'A',140),(141,'A',141),(142,'A',142),(143,'A',143),(144,'A',144),(145,'A',145),(146,'A',146),(147,'A',147),(148,'A',148),(149,'A',149),(150,'A',150),(151,'A',151),(152,'A',152),(153,'A',153),(154,'A',154),(155,'A',155),(156,'A',156),(157,'A',157),(158,'A',158),(159,'A',159),(160,'A',160),(161,'A',161),(162,'A',162),(163,'A',163),(164,'A',164),(165,'A',165),(166,'A',166),(167,'A',167),(168,'A',168),(169,'A',169),(170,'A',170),(171,'A',171),(172,'A',172),(173,'A',173),(174,'A',174),(175,'A',175),(176,'A',176),(177,'A',177),(178,'A',178),(179,'A',179),(180,'A',180),(181,'A',181),(182,'A',182),(183,'A',183),(184,'A',184),(185,'A',185),(186,'A',186),(187,'A',187),(188,'A',188),(189,'A',189),(190,'A',190),(191,'A',191),(192,'A',192),(193,'A',193),(194,'A',194),(195,'A',195),(196,'A',196),(197,'A',197),(198,'A',198),(199,'A',199),(200,'A',200),(201,'A',201),(202,'A',202),(203,'A',203),(204,'A',204),(205,'A',205),(206,'A',206),(207,'A',207),(208,'A',208),(209,'A',209),(210,'A',210),(211,'A',211),(212,'A',212),(213,'A',213),(214,'A',214),(215,'A',215),(216,'A',216),(217,'A',217),(218,'A',218),(219,'A',219),(220,'A',220),(221,'A',221),(222,'A',222),(223,'A',223),(224,'A',224),(225,'A',225),(226,'A',226),(227,'A',227),(228,'A',228),(229,'A',229),(230,'A',230),(231,'A',231),(232,'A',232),(233,'A',233),(234,'A',234),(235,'A',235),(236,'A',236),(237,'A',237),(238,'A',238),(239,'A',239),(240,'A',240),(241,'A',241),(242,'A',242),(243,'A',243),(244,'A',244),(245,'A',245),(246,'A',246),(247,'A',247),(248,'A',248),(249,'A',249),(250,'A',250),(251,'A',251),(252,'A',252),(253,'A',253),(254,'A',254),(255,'A',255),(256,'A',256),(257,'A',257),(258,'A',258),(259,'A',259),(260,'A',260),(261,'A',261),(262,'A',262),(263,'A',263),(264,'A',264),(265,'A',265),(266,'A',266),(267,'A',267),(268,'A',268),(269,'A',269),(270,'A',270),(271,'A',271),(272,'A',272),(273,'A',273),(274,'A',274),(275,'A',275),(276,'A',276),(277,'A',277),(278,'A',278),(279,'A',279),(280,'A',280),(281,'A',281),(282,'A',282),(283,'A',283),(284,'A',284),(285,'A',285),(286,'A',286),(287,'A',287),(288,'A',288),(289,'A',289),(290,'A',290),(291,'A',291),(292,'A',292),(293,'A',293),(294,'A',294),(295,'A',295),(296,'A',296),(297,'A',297),(298,'A',298),(299,'A',299),(300,'A',300),(301,'A',301),(302,'A',302),(303,'A',303),(304,'A',304),(305,'A',305),(306,'A',306),(307,'A',307),(308,'A',308),(309,'A',309),(310,'A',310),(311,'A',311),(312,'A',312),(313,'A',313),(314,'A',314),(315,'A',315),(316,'A',316),(317,'A',317),(318,'A',318),(319,'A',319),(320,'A',320),(321,'A',321),(322,'A',322),(323,'A',323),(324,'A',324),(325,'A',325),(326,'A',326),(327,'A',327),(328,'A',328),(329,'A',329),(330,'A',330),(331,'A',331),(332,'A',332),(333,'A',333),(334,'A',334),(335,'A',335),(336,'A',336),(337,'A',337),(338,'A',338),(339,'A',339),(340,'A',340),(341,'A',341),(342,'A',342),(343,'A',343),(344,'A',344),(345,'A',345),(346,'A',346),(347,'A',347),(348,'A',348),(349,'A',349),(350,'A',350),(351,'A',351),(352,'A',352),(353,'A',353),(354,'A',354),(355,'A',355),(356,'A',356),(357,'A',357),(358,'A',358),(359,'A',359),(360,'A',360),(361,'A',361),(362,'A',362),(363,'A',363),(364,'A',364),(365,'A',365),(366,'A',366),(367,'A',367),(368,'A',368),(369,'A',369),(370,'A',370),(371,'A',371),(372,'A',372),(373,'A',373),(374,'A',374),(375,'A',375),(376,'A',376),(377,'A',377),(378,'A',378),(379,'A',379),(380,'A',380),(381,'A',381),(382,'A',382),(383,'A',383),(384,'A',384),(385,'A',385),(386,'A',386),(387,'A',387),(388,'A',388),(389,'A',389),(390,'A',390),(391,'A',391),(392,'A',392),(393,'A',393),(394,'A',394),(395,'A',395),(396,'A',396),(397,'A',397),(398,'A',398),(399,'A',399),(400,'A',400),(401,'A',401),(402,'A',402),(403,'A',403),(404,'A',404),(405,'A',405),(406,'A',406),(407,'A',407),(408,'A',408),(409,'A',409),(410,'A',410),(411,'A',411),(412,'A',412),(413,'A',413),(414,'A',414),(415,'A',415),(416,'A',416),(417,'A',417),(418,'A',418),(419,'A',419),(420,'A',420),(421,'A',421),(422,'A',422),(423,'A',423),(424,'A',424),(425,'A',425),(426,'A',426),(427,'A',427),(428,'A',428),(429,'A',429),(430,'A',430),(431,'A',431),(432,'A',432),(433,'A',433),(434,'A',434),(435,'A',435),(436,'A',436),(437,'A',437),(438,'A',438),(439,'A',439),(440,'A',440),(441,'A',441),(442,'A',442),(443,'A',443),(444,'A',444),(445,'A',445),(446,'A',446),(447,'A',447),(448,'A',448),(449,'A',449),(450,'A',450),(451,'A',451),(452,'A',452),(453,'A',453),(454,'A',454),(455,'A',455),(456,'A',456),(457,'A',457),(458,'A',458),(459,'A',459),(460,'A',460),(461,'A',461),(462,'A',462),(463,'A',463),(464,'A',464),(465,'A',465),(466,'A',466),(467,'A',467),(468,'A',468),(469,'A',469),(470,'A',470),(471,'A',471),(472,'A',472),(473,'A',473),(474,'A',474),(475,'A',475),(476,'A',476),(477,'A',477),(478,'A',478),(479,'A',479),(480,'A',480),(481,'A',481),(482,'A',482),(483,'A',483),(484,'A',484),(485,'A',485),(486,'A',486),(487,'A',487),(488,'A',488),(489,'A',489),(490,'A',490),(491,'A',491),(492,'A',492),(493,'A',493),(494,'A',494),(495,'A',495),(496,'A',496),(497,'A',497),(498,'A',498),(499,'A',499),(500,'A',500),(501,'A',501),(502,'A',502),(503,'A',503),(504,'A',504),(505,'A',505),(506,'A',506),(507,'A',507),(508,'A',508),(509,'A',509),(510,'A',510),(511,'A',511),(512,'A',512),(513,'A',513),(514,'A',514),(515,'A',515),(516,'A',516),(517,'A',517),(518,'A',518),(519,'A',519),(520,'A',520),(521,'A',521),(522,'A',522),(523,'A',523),(524,'A',524),(525,'A',525),(526,'A',526),(527,'A',527),(528,'A',528),(529,'A',529),(530,'A',530),(531,'A',531),(532,'A',532),(533,'A',533),(534,'A',534),(535,'A',535),(536,'A',536),(537,'A',537),(538,'A',538),(539,'A',539),(540,'A',540),(541,'A',541),(542,'A',542),(543,'A',543),(544,'A',544),(545,'A',545),(546,'A',546),(547,'A',547),(548,'A',548),(549,'A',549),(550,'A',550),(551,'A',551),(552,'A',552),(553,'A',553),(554,'A',554),(555,'A',555),(556,'A',556),(557,'A',557),(558,'A',558),(559,'A',559),(560,'A',560),(561,'A',561),(562,'A',562),(563,'A',563),(564,'A',564),(565,'A',565),(566,'A',566),(567,'A',567),(568,'A',568),(569,'A',569),(570,'A',570),(571,'A',571),(572,'A',572),(573,'A',573),(574,'A',574),(575,'A',575),(576,'A',576),(577,'A',577),(578,'A',578),(579,'A',579),(580,'A',580),(581,'A',581),(582,'A',582),(583,'A',583),(584,'A',584),(585,'A',585),(586,'A',586),(587,'A',587),(588,'A',588),(589,'A',589),(590,'A',590),(591,'A',591),(592,'A',592),(593,'A',593),(594,'A',594),(595,'A',595),(596,'A',596),(597,'A',597),(598,'A',598),(599,'A',599),(600,'A',600),(601,'A',601),(602,'A',602),(603,'A',603),(604,'A',604),(605,'A',605),(606,'A',606),(607,'A',607),(608,'A',608),(609,'A',609),(610,'A',610),(611,'A',611),(612,'A',612),(613,'A',613),(614,'A',614),(615,'A',615),(616,'A',616),(617,'A',617),(618,'A',618),(619,'A',619),(620,'A',620),(621,'A',621),(622,'A',622),(623,'A',623),(624,'A',624),(625,'A',625),(626,'A',626),(627,'A',627),(628,'A',628),(629,'A',629),(630,'A',630),(631,'A',631),(632,'A',632),(633,'A',633),(634,'A',634),(635,'A',635),(636,'A',636),(637,'A',637),(638,'A',638),(639,'A',639),(640,'A',640),(641,'A',641),(642,'A',642),(643,'A',643),(644,'A',644),(645,'A',645),(646,'A',646),(647,'A',647),(648,'A',648),(649,'A',649),(650,'A',650),(651,'A',651),(652,'A',652),(653,'A',653),(654,'A',654),(655,'A',655),(656,'A',656),(657,'A',657),(658,'A',658),(659,'A',659),(660,'A',660),(661,'A',661),(662,'A',662),(663,'A',663),(664,'A',664),(665,'A',665),(666,'A',666),(667,'A',667),(668,'A',668),(669,'A',669),(670,'A',670),(671,'A',671),(672,'A',672),(673,'A',673),(674,'A',674),(675,'A',675),(676,'A',676),(677,'A',677),(678,'A',678),(679,'A',679),(680,'A',680),(681,'A',681),(682,'A',682),(683,'A',683),(684,'A',684),(685,'A',685),(686,'A',686),(687,'A',687),(688,'A',688),(689,'A',689),(690,'A',690),(691,'A',691),(692,'A',692),(693,'A',693),(694,'A',694),(695,'A',695),(696,'A',696),(697,'A',697),(698,'A',698),(699,'A',699),(700,'A',700),(701,'A',701),(702,'A',702),(703,'A',703),(704,'A',704),(705,'A',705),(706,'A',706),(707,'A',707),(708,'A',708),(709,'A',709),(710,'A',710),(711,'A',711),(712,'A',712),(713,'A',713),(714,'A',714),(715,'A',715),(716,'A',716),(717,'A',717),(718,'A',718),(719,'A',719),(720,'A',720),(721,'A',721),(722,'A',722),(723,'A',723),(724,'A',724),(725,'A',725),(726,'A',726),(727,'A',727),(728,'A',728),(729,'A',729),(730,'A',730),(731,'A',731),(732,'A',732),(733,'A',733),(734,'A',734),(735,'A',735),(736,'A',736),(737,'A',737),(738,'A',738),(739,'A',739),(740,'A',740),(741,'A',741),(742,'A',742),(743,'A',743),(744,'A',744),(745,'A',745),(746,'A',746),(747,'A',747),(748,'A',748),(749,'A',749),(750,'A',750),(751,'A',751),(752,'A',752),(753,'A',753),(754,'A',754),(755,'A',755),(756,'A',756),(757,'A',757),(758,'A',758),(759,'A',759),(760,'A',760),(761,'A',761),(762,'A',762),(763,'A',763),(764,'A',764),(765,'A',765),(766,'A',766),(767,'A',767),(768,'A',768),(769,'A',769),(770,'A',770),(771,'A',771),(772,'A',772),(773,'A',773),(774,'A',774),(775,'A',775),(776,'A',776),(777,'A',777),(778,'A',778),(779,'A',779),(780,'A',780),(781,'A',781),(782,'A',782),(783,'A',783),(784,'A',784),(785,'A',785),(786,'A',786),(787,'A',787),(788,'A',788),(789,'A',789),(790,'A',790),(791,'A',791),(792,'A',792),(793,'A',793),(794,'A',794),(795,'A',795),(796,'A',796),(797,'A',797),(798,'A',798),(799,'A',799),(800,'A',800),(801,'A',801),(802,'A',802),(803,'A',803),(804,'A',804),(805,'A',805),(806,'A',806),(807,'A',807),(808,'A',808),(809,'A',809),(810,'A',810),(811,'A',811),(812,'A',812),(813,'A',813),(814,'A',814),(815,'A',815),(816,'A',816),(817,'A',817),(818,'A',818),(819,'A',819),(820,'A',820),(821,'A',821),(822,'A',822),(823,'A',823),(824,'A',824),(825,'A',825),(826,'A',826),(827,'A',827),(828,'A',828),(829,'A',829),(830,'A',830),(831,'A',831),(832,'A',832),(833,'A',833),(834,'A',834),(835,'A',835),(836,'A',836),(837,'A',837),(838,'A',838),(839,'A',839),(840,'A',840),(841,'A',841),(842,'A',842),(843,'A',843),(844,'A',844),(845,'A',845),(846,'A',846),(847,'A',847),(848,'A',848),(849,'A',849),(850,'A',850),(851,'A',851),(852,'A',852),(853,'A',853),(854,'A',854),(855,'A',855),(856,'A',856),(857,'A',857),(858,'A',858),(859,'A',859),(860,'A',860),(861,'A',861),(862,'A',862),(863,'A',863),(864,'A',864),(865,'A',865),(866,'A',866),(867,'A',867),(868,'A',868),(869,'A',869),(870,'A',870),(871,'A',871),(872,'A',872),(873,'A',873),(874,'A',874),(875,'A',875),(876,'A',876),(877,'A',877),(878,'A',878),(879,'A',879),(880,'A',880),(881,'A',881),(882,'A',882),(883,'A',883),(884,'A',884),(885,'A',885),(886,'A',886),(887,'A',887),(888,'A',888),(889,'A',889),(890,'A',890),(891,'A',891),(892,'A',892),(893,'A',893),(894,'A',894),(895,'A',895),(896,'A',896),(897,'A',897),(898,'A',898),(899,'A',899),(900,'A',900),(901,'A',901),(902,'A',902),(903,'A',903),(904,'A',904),(905,'A',905),(906,'A',906),(907,'A',907),(908,'A',908),(909,'A',909),(910,'A',910),(911,'A',911),(912,'A',912),(913,'A',913),(914,'A',914),(915,'A',915),(916,'A',916),(917,'A',917),(918,'A',918),(919,'A',919),(920,'A',920),(921,'A',921),(922,'A',922),(923,'A',923),(924,'A',924),(925,'A',925),(926,'A',926),(927,'A',927),(928,'A',928),(929,'A',929),(930,'A',930),(931,'A',931),(932,'A',932),(933,'A',933),(934,'A',934),(935,'A',935),(936,'A',936),(937,'A',937),(938,'A',938),(939,'A',939),(940,'A',940),(941,'A',941),(942,'A',942),(943,'A',943),(944,'A',944),(945,'A',945),(946,'A',946),(947,'A',947),(948,'A',948),(949,'A',949),(950,'A',950),(951,'A',951),(952,'A',952),(953,'A',953),(954,'A',954),(955,'A',955),(956,'A',956),(957,'A',957),(958,'A',958),(959,'A',959),(960,'A',960),(961,'A',961),(962,'A',962),(963,'A',963),(964,'A',964),(965,'A',965),(966,'A',966),(967,'A',967),(968,'A',968),(969,'A',969),(970,'A',970),(971,'A',971),(972,'A',972),(973,'A',973),(974,'A',974),(975,'A',975),(976,'A',976),(977,'A',977),(978,'A',978),(979,'A',979),(980,'A',980),(981,'A',981),(982,'A',982),(983,'A',983),(984,'A',984),(985,'A',985),(986,'A',986),(987,'A',987),(988,'A',988),(989,'A',989),(990,'A',990),(991,'A',991),(992,'A',992),(993,'A',993),(994,'A',994),(995,'A',995),(996,'A',996),(997,'A',997),(998,'A',998),(999,'A',999),(1000,'A',1000),(1001,'A',1001),(1002,'A',1002),(1003,'A',1003),(1004,'A',1004),(1005,'A',1005),(1006,'A',1006),(1007,'A',1007),(1008,'A',1008),(1009,'A',1009),(1010,'A',1010),(1011,'A',1011),(1012,'A',1012),(1013,'A',1013),(1014,'A',1014),(1015,'A',1015),(1016,'A',1016),(1017,'A',1017),(1018,'A',1018),(1019,'A',1019),(1020,'A',1020),(1021,'A',1021),(1022,'A',1022),(1023,'A',1023),(1024,'A',1024),(1025,'A',1025),(1026,'A',1026),(1027,'A',1027),(1028,'A',1028),(1029,'A',1029),(1030,'A',1030),(1031,'A',1031),(1032,'A',1032),(1033,'A',1033),(1034,'A',1034),(1035,'A',1035),(1036,'A',1036),(1037,'A',1037),(1038,'A',1038),(1039,'A',1039),(1040,'A',1040),(1041,'A',1041);
/*!40000 ALTER TABLE `subject_version` ENABLE KEYS */;
UNLOCK TABLES;

--
-- Dumping data for table `subject_realization`
--
-- ORDER BY:  `id`

LOCK TABLES `subject_realization` WRITE;
/*!40000 ALTER TABLE `subject_realization` DISABLE KEYS */;
INSERT INTO `subject_realization` VALUES (1,1,1),(2,1,2),(3,1,3),(4,1,4),(5,1,5),(6,1,6),(7,1,7),(8,1,8),(9,1,9),(10,1,10),(11,1,11),(12,1,12),(13,1,13),(14,1,14),(15,1,15),(16,1,16),(17,1,17),(18,1,18),(19,1,19),(20,1,20),(21,1,21),(22,1,22),(23,1,23),(24,1,24),(25,1,25),(26,1,26),(27,1,27),(28,1,28),(29,1,29),(30,1,30),(31,1,31),(32,1,32),(33,1,33),(34,1,34),(35,1,35),(36,1,36),(37,1,37),(38,1,38),(39,1,39),(40,1,40),(41,1,41),(42,1,42),(43,1,43),(44,1,44),(45,1,45),(46,1,46),(47,1,47),(48,1,48),(49,1,49),(50,1,50),(51,1,51),(52,1,52),(53,1,53),(54,1,54),(55,1,55),(56,1,56),(57,1,57),(58,1,58),(59,1,59),(60,1,60),(61,1,61),(62,1,62),(63,1,63),(64,1,64),(65,1,65),(66,1,66),(67,1,67),(68,1,68),(69,1,69),(70,1,70),(71,1,71),(72,1,72),(73,1,73),(74,1,74),(75,1,75),(76,1,76),(77,1,77),(78,1,78),(79,1,79),(80,1,80),(81,1,81),(82,1,82),(83,1,83),(84,1,84),(85,1,85),(86,1,86),(87,1,87),(88,1,88),(89,1,89),(90,1,90),(91,1,91),(92,1,92),(93,1,93),(94,1,94),(95,1,95),(96,1,96),(97,1,97),(98,1,98),(99,1,99),(100,1,100),(101,1,101),(102,1,102),(103,1,103),(104,1,104),(105,1,105),(106,1,106),(107,1,107),(108,1,108),(109,1,109),(110,1,110),(111,1,111),(112,1,112),(113,1,113),(114,1,114),(115,1,115),(116,1,116),(117,1,117),(118,1,118),(119,1,119),(120,1,120),(121,1,121),(122,1,122),(123,1,123),(124,1,124),(125,1,125),(126,1,126),(127,1,127),(128,1,128),(129,1,129),(130,1,130),(131,1,131),(132,1,132),(133,1,133),(134,1,134),(135,1,135),(136,1,136),(137,1,137),(138,1,138),(139,1,139),(140,1,140),(141,1,141),(142,1,142),(143,1,143),(144,1,144),(145,1,145),(146,1,146),(147,1,147),(148,1,148),(149,1,149),(150,1,150),(151,1,151),(152,1,152),(153,1,153),(154,1,154),(155,1,155),(156,1,156),(157,1,157),(158,1,158),(159,1,159),(160,1,160),(161,1,161),(162,1,162),(163,1,163),(164,1,164),(165,1,165),(166,1,166),(167,1,167),(168,1,168),(169,1,169),(170,1,170),(171,1,171),(172,1,172),(173,1,173),(174,1,174),(175,1,175),(176,1,176),(177,1,177),(178,1,178),(179,1,179),(180,1,180),(181,1,181),(182,1,182),(183,1,183),(184,1,184),(185,1,185),(186,1,186),(187,1,187),(188,1,188),(189,1,189),(190,1,190),(191,1,191),(192,1,192),(193,1,193),(194,1,194),(195,1,195),(196,1,196),(197,1,197),(198,1,198),(199,1,199),(200,1,200),(201,1,201),(202,1,202),(203,1,203),(204,1,204),(205,1,205),(206,1,206),(207,1,207),(208,1,208),(209,1,209),(210,1,210),(211,1,211),(212,1,212),(213,1,213),(214,1,214),(215,1,215),(216,1,216),(217,1,217),(218,1,218),(219,1,219),(220,1,220),(221,1,221),(222,1,222),(223,1,223),(224,1,224),(225,1,225),(226,1,226),(227,1,227),(228,1,228),(229,1,229),(230,1,230),(231,1,231),(232,1,232),(233,1,233),(234,1,234),(235,1,235),(236,1,236),(237,1,237),(238,1,238),(239,1,239),(240,1,240),(241,1,241),(242,1,242),(243,1,243),(244,1,244),(245,1,245),(246,1,246),(247,1,247),(248,1,248),(249,1,249),(250,1,250),(251,1,251),(252,1,252),(253,1,253),(254,1,254),(255,1,255),(256,1,256),(257,1,257),(258,1,258),(259,1,259),(260,1,260),(261,1,261),(262,1,262),(263,1,263),(264,1,264),(265,1,265),(266,1,266),(267,1,267),(268,1,268),(269,1,269),(270,1,270),(271,1,271),(272,1,272),(273,1,273),(274,1,274),(275,1,275),(276,1,276),(277,1,277),(278,1,278),(279,1,279),(280,1,280),(281,1,281),(282,1,282),(283,1,283),(284,1,284),(285,1,285),(286,1,286),(287,1,287),(288,1,288),(289,1,289),(290,1,290),(291,1,291),(292,1,292),(293,1,293),(294,1,294),(295,1,295),(296,1,296),(297,1,297),(298,1,298),(299,1,299),(300,1,300),(301,1,301),(302,1,302),(303,1,303),(304,1,304),(305,1,305),(306,1,306),(307,1,307),(308,1,308),(309,1,309),(310,1,310),(311,1,311),(312,1,312),(313,1,313),(314,1,314),(315,1,315),(316,1,316),(317,1,317),(318,1,318),(319,1,319),(320,1,320),(321,1,321),(322,1,322),(323,1,323),(324,1,324),(325,1,325),(326,1,326),(327,1,327),(328,1,328),(329,1,329),(330,1,330),(331,1,331),(332,1,332),(333,1,333),(334,1,334),(335,1,335),(336,1,336),(337,1,337),(338,1,338),(339,1,339),(340,1,340),(341,1,341),(342,1,342),(343,1,343),(344,1,344),(345,1,345),(346,1,346),(347,1,347),(348,1,348),(349,1,349),(350,1,350),(351,1,351),(352,1,352),(353,1,353),(354,1,354),(355,1,355),(356,1,356),(357,1,357),(358,1,358),(359,1,359),(360,1,360),(361,1,361),(362,1,362),(363,1,363),(364,1,364),(365,1,365),(366,1,366),(367,1,367),(368,1,368),(369,1,369),(370,1,370),(371,1,371),(372,1,372),(373,1,373),(374,1,374),(375,1,375),(376,1,376),(377,1,377),(378,1,378),(379,1,379),(380,1,380),(381,1,381),(382,1,382),(383,1,383),(384,1,384),(385,1,385),(386,1,386),(387,1,387),(388,1,388),(389,1,389),(390,1,390),(391,1,391),(392,1,392),(393,1,393),(394,1,394),(395,1,395),(396,1,396),(397,1,397),(398,1,398),(399,1,399),(400,1,400),(401,1,401),(402,1,402),(403,1,403),(404,1,404),(405,1,405),(406,1,406),(407,1,407),(408,1,408),(409,1,409),(410,1,410),(411,1,411),(412,1,412),(413,1,413),(414,1,414),(415,1,415),(416,1,416),(417,1,417),(418,1,418),(419,1,419),(420,1,420),(421,1,421),(422,1,422),(423,1,423),(424,1,424),(425,1,425),(426,1,426),(427,1,427),(428,1,428),(429,1,429),(430,1,430),(431,1,431),(432,1,432),(433,1,433),(434,1,434),(435,1,435),(436,1,436),(437,1,437),(438,1,438),(439,1,439),(440,1,440),(441,1,441),(442,1,442),(443,1,443),(444,1,444),(445,1,445),(446,1,446),(447,1,447),(448,1,448),(449,1,449),(450,1,450),(451,1,451),(452,1,452),(453,1,453),(454,1,454),(455,1,455),(456,1,456),(457,1,457),(458,1,458),(459,1,459),(460,1,460),(461,1,461),(462,1,462),(463,1,463),(464,1,464),(465,1,465),(466,1,466),(467,1,467),(468,1,468),(469,1,469),(470,1,470),(471,1,471),(472,1,472),(473,1,473),(474,1,474),(475,1,475),(476,1,476),(477,1,477),(478,1,478),(479,1,479),(480,1,480),(481,1,481),(482,1,482),(483,1,483),(484,1,484),(485,1,485),(486,1,486),(487,1,487),(488,1,488),(489,1,489),(490,1,490),(491,1,491),(492,1,492),(493,1,493),(494,1,494),(495,1,495),(496,1,496),(497,1,497),(498,1,498),(499,1,499),(500,1,500),(501,1,501),(502,1,502),(503,1,503),(504,1,504),(505,1,505),(506,1,506),(507,1,507),(508,1,508),(509,1,509),(510,1,510),(511,1,511),(512,1,512),(513,1,513),(514,1,514),(515,1,515),(516,1,516),(517,1,517),(518,1,518),(519,1,519),(520,1,520),(521,1,521),(522,1,522),(523,1,523),(524,1,524),(525,1,525),(526,1,526),(527,1,527),(528,1,528),(529,1,529),(530,1,530),(531,1,531),(532,1,532),(533,1,533),(534,1,534),(535,1,535),(536,1,536),(537,1,537),(538,1,538),(539,1,539),(540,1,540),(541,1,541),(542,1,542),(543,1,543),(544,1,544),(545,1,545),(546,1,546),(547,1,547),(548,1,548),(549,1,549),(550,1,550),(551,1,551),(552,1,552),(553,1,553),(554,1,554),(555,1,555),(556,1,556),(557,1,557),(558,1,558),(559,1,559),(560,1,560),(561,1,561),(562,1,562),(563,1,563),(564,1,564),(565,1,565),(566,1,566),(567,1,567),(568,1,568),(569,1,569),(570,1,570),(571,1,571),(572,1,572),(573,1,573),(574,1,574),(575,1,575),(576,1,576),(577,1,577),(578,1,578),(579,1,579),(580,1,580),(581,1,581),(582,1,582),(583,1,583),(584,1,584),(585,1,585),(586,1,586),(587,1,587),(588,1,588),(589,1,589),(590,1,590),(591,1,591),(592,1,592),(593,1,593),(594,1,594),(595,1,595),(596,1,596),(597,1,597),(598,1,598),(599,1,599),(600,1,600),(601,1,601),(602,1,602),(603,1,603),(604,1,604),(605,1,605),(606,1,606),(607,1,607),(608,1,608),(609,1,609),(610,1,610),(611,1,611),(612,1,612),(613,1,613),(614,1,614),(615,1,615),(616,1,616),(617,1,617),(618,1,618),(619,1,619),(620,1,620),(621,1,621),(622,1,622),(623,1,623),(624,1,624),(625,1,625),(626,1,626),(627,1,627),(628,1,628),(629,1,629),(630,1,630),(631,1,631),(632,1,632),(633,1,633),(634,1,634),(635,1,635),(636,1,636),(637,1,637),(638,1,638),(639,1,639),(640,1,640),(641,1,641),(642,1,642),(643,1,643),(644,1,644),(645,1,645),(646,1,646),(647,1,647),(648,1,648),(649,1,649),(650,1,650),(651,1,651),(652,1,652),(653,1,653),(654,1,654),(655,1,655),(656,1,656),(657,1,657),(658,1,658),(659,1,659),(660,1,660),(661,1,661),(662,1,662),(663,1,663),(664,1,664),(665,1,665),(666,1,666),(667,1,667),(668,1,668),(669,1,669),(670,1,670),(671,1,671),(672,1,672),(673,1,673),(674,1,674),(675,1,675),(676,1,676),(677,1,677),(678,1,678),(679,1,679),(680,1,680),(681,1,681),(682,1,682),(683,1,683),(684,1,684),(685,1,685),(686,1,686),(687,1,687),(688,1,688),(689,1,689),(690,1,690),(691,1,691),(692,1,692),(693,1,693),(694,1,694),(695,1,695),(696,1,696),(697,1,697),(698,1,698),(699,1,699),(700,1,700),(701,1,701),(702,1,702),(703,1,703),(704,1,704),(705,1,705),(706,1,706),(707,1,707),(708,1,708),(709,1,709),(710,1,710),(711,1,711),(712,1,712),(713,1,713),(714,1,714),(715,1,715),(716,1,716),(717,1,717),(718,1,718),(719,1,719),(720,1,720),(721,1,721),(722,1,722),(723,1,723),(724,1,724),(725,1,725),(726,1,726),(727,1,727),(728,1,728),(729,1,729),(730,1,730),(731,1,731),(732,1,732),(733,1,733),(734,1,734),(735,1,735),(736,1,736),(737,1,737),(738,1,738),(739,1,739),(740,1,740),(741,1,741),(742,1,742),(743,1,743),(744,1,744),(745,1,745),(746,1,746),(747,1,747),(748,1,748),(749,1,749),(750,1,750),(751,1,751),(752,1,752),(753,1,753),(754,1,754),(755,1,755),(756,1,756),(757,1,757),(758,1,758),(759,1,759),(760,1,760),(761,1,761),(762,1,762),(763,1,763),(764,1,764),(765,1,765),(766,1,766),(767,1,767),(768,1,768),(769,1,769),(770,1,770),(771,1,771),(772,1,772),(773,1,773),(774,1,774),(775,1,775),(776,1,776),(777,1,777),(778,1,778),(779,1,779),(780,1,780),(781,1,781),(782,1,782),(783,1,783),(784,1,784),(785,1,785),(786,1,786),(787,1,787),(788,1,788),(789,1,789),(790,1,790),(791,1,791),(792,1,792),(793,1,793),(794,1,794),(795,1,795),(796,1,796),(797,1,797),(798,1,798),(799,1,799),(800,1,800),(801,1,801),(802,1,802),(803,1,803),(804,1,804),(805,1,805),(806,1,806),(807,1,807),(808,1,808),(809,1,809),(810,1,810),(811,1,811),(812,1,812),(813,1,813),(814,1,814),(815,1,815),(816,1,816),(817,1,817),(818,1,818),(819,1,819),(820,1,820),(821,1,821),(822,1,822),(823,1,823),(824,1,824),(825,1,825),(826,1,826),(827,1,827),(828,1,828),(829,1,829),(830,1,830),(831,1,831),(832,1,832),(833,1,833),(834,1,834),(835,1,835),(836,1,836),(837,1,837),(838,1,838),(839,1,839),(840,1,840),(841,1,841),(842,1,842),(843,1,843),(844,1,844),(845,1,845),(846,1,846),(847,1,847),(848,1,848),(849,1,849),(850,1,850),(851,1,851),(852,1,852),(853,1,853),(854,1,854),(855,1,855),(856,1,856),(857,1,857),(858,1,858),(859,1,859),(860,1,860),(861,1,861),(862,1,862),(863,1,863),(864,1,864),(865,1,865),(866,1,866),(867,1,867),(868,1,868),(869,1,869),(870,1,870),(871,1,871),(872,1,872),(873,1,873),(874,1,874),(875,1,875),(876,1,876),(877,1,877),(878,1,878),(879,1,879),(880,1,880),(881,1,881),(882,1,882),(883,1,883),(884,1,884),(885,1,885),(886,1,886),(887,1,887),(888,1,888),(889,1,889),(890,1,890),(891,1,891),(892,1,892),(893,1,893),(894,1,894),(895,1,895),(896,1,896),(897,1,897),(898,1,898),(899,1,899),(900,1,900),(901,1,901),(902,1,902),(903,1,903),(904,1,904),(905,1,905),(906,1,906),(907,1,907),(908,1,908),(909,1,909),(910,1,910),(911,1,911),(912,1,912),(913,1,913),(914,1,914),(915,1,915),(916,1,916),(917,1,917),(918,1,918),(919,1,919),(920,1,920),(921,1,921),(922,1,922),(923,1,923),(924,1,924),(925,1,925),(926,1,926),(927,1,927),(928,1,928),(929,1,929),(930,1,930),(931,1,931),(932,1,932),(933,1,933),(934,1,934),(935,1,935),(936,1,936),(937,1,937),(938,1,938),(939,1,939),(940,1,940),(941,1,941),(942,1,942),(943,1,943),(944,1,944),(945,1,945),(946,1,946),(947,1,947),(948,1,948),(949,1,949),(950,1,950),(951,1,951),(952,1,952),(953,1,953),(954,1,954),(955,1,955),(956,1,956),(957,1,957),(958,1,958),(959,1,959),(960,1,960),(961,1,961),(962,1,962),(963,1,963),(964,1,964),(965,1,965),(966,1,966),(967,1,967),(968,1,968),(969,1,969),(970,1,970),(971,1,971),(972,1,972),(973,1,973),(974,1,974),(975,1,975),(976,1,976),(977,1,977),(978,1,978),(979,1,979),(980,1,980),(981,1,981),(982,1,982),(983,1,983),(984,1,984),(985,1,985),(986,1,986),(987,1,987),(988,1,988),(989,1,989),(990,1,990),(991,1,991),(992,1,992),(993,1,993),(994,1,994),(995,1,995),(996,1,996),(997,1,997),(998,1,998),(999,1,999),(1000,1,1000),(1001,1,1001),(1002,1,1002),(1003,1,1003),(1004,1,1004),(1005,1,1005),(1006,1,1006),(1007,1,1007),(1008,1,1008),(1009,1,1009),(1010,1,1010),(1011,1,1011),(1012,1,1012),(1013,1,1013),(1014,1,1014),(1015,1,1015),(1016,1,1016),(1017,1,1017),(1018,1,1018),(1019,1,1019),(1020,1,1020),(1021,1,1021),(1022,1,1022),(1023,1,1023),(1024,1,1024),(1025,1,1025),(1026,1,1026),(1027,1,1027),(1028,1,1028),(1029,1,1029),(1030,1,1030),(1031,1,1031),(1032,1,1032),(1033,1,1033),(1034,1,1034),(1035,1,1035),(1036,1,1036),(1037,1,1037),(1038,1,1038),(1039,1,1039),(1040,1,1040),(1041,1,1041);
/*!40000 ALTER TABLE `subject_realization` ENABLE KEYS */;
UNLOCK TABLES;

/*!40103 SET TIME_ZONE=@OLD_TIME_ZONE */;

/*!40101 SET SQL_MODE=@OLD_SQL_MODE */;
/*!40014 SET FOREIGN_KEY_CHECKS=@OLD_FOREIGN_KEY_CHECKS */;
/*!40014 SET UNIQUE_CHECKS=@OLD_UNIQUE_CHECKS */;
/*!40101 SET CHARACTER_SET_CLIENT=@OLD_CHARACTER_SET_CLIENT */;
/*!40101 SET CHARACTER_SET_RESULTS=@OLD_CHARACTER_SET_RESULTS */;
/*!40101 SET COLLATION_CONNECTION=@OLD_COLLATION_CONNECTION */;
/*!40111 SET SQL_NOTES=@OLD_SQL_NOTES */;

-- Dump completed on 2017-06-07 23:13:54
